:0200000480007A
:0700200000A03CFF616E002F
:1200280073646820737468A0036568CA0BC30030009050
:20003C004E414E000F05D011174580010B00D0010F00B02142218B0101110F2010006B0589
:20005C00002000904B0480008B0480F22B0F303F6A308B011F100E1A4E14820202033C1A9D
:20007C000F102030370341203C158B0102F08EF60FF000200F1010303C0D3700C13F8B017D
:20009C0002108BF101F08EF40F1010203C038203820200906E616E006E66696E69747900DE
:0C00BC00494E4600696E6600000000001E
:200100000000000000000000000000000000000000000000000000000000000000000000DF
:200120000000000000000000000000000000000000000000000000000000000000000000BF
:2001400000000000000000000000000000000000000000000000000000000000000000009F
:2001600000000000000000000000000000000000000000000000000000000000000000007F
:2001800000000000000000000000000000000000000000000000000000000000000000005F
:2001A00000000000000000000000000000000000000000000000000000000000000000003F
:2001C00000000000000000000000000000000000000000000000000000000000000000001F
:2001E0000000000000000000000000000000000000000000000000000000000000000000FF
:200200003256FF0626003B00FEFF3FF617000F6510308B0602601745802600903256FF06E1
:2002200018003B00FEFF3FF60F000F6500308B060260174580260090A2F63705C13F0F65B9
:2002400010200090A2F682030F6500200090DA207FF60700174580360F6400200090A2F65A
:2002600082020F6400300090820C822D3C130757FFCF8755BFDFCE57460546048B1480407C
:200280008B05A050CE77460746068B1680608B07A07082028203820082013A260B2700F24B
:2002A0006E023C4F0B6430F10B7500F20B75A0F26E04024002513C453A640B7500F26E0326
:2002C00082123C3F3B0004E00B6030F10B7100F20B71A0F2DE1087559FFF06116701801F62
:2002E0008B1FE0060248025906156745805F0614C2FE3CEB0284029506F067101F0006F182
:20030000C21E82087AE86E1D87559FFF06116701801F8B1FE0060B60C0A00B71D0B007BBD5
:200320009FFF06156745805F061406136723803F8B1FE0266E0302A002B1C2183FE8E67F21
:2003400076C7460346028B1280208B03A030DF2D0B00071DE0FF76F7460146008B10800005
:200360008B01A01000903B00034040F440C50070910000F7D9FF0050007076B3A0043C045D
:20038000B04E09E4BCF90070911000F8D9FF408D01FC00F6081F1605007074DF3B00034099
:2003A00040C4007061000E00370A6800DA0A4BF011020070610006003BE0024040C40070D7
:2003C00054DFC21F74DF0070DA187FF40B00538420F0911000F8D9FFA06C10FFD4F23C025F
:2003E000A0023C0100902010094F4C18161F3C0182003E0782203E0782405F0F28003C29C5
:2004000082023C298202911000F8D9FF744D49FF000A49A2000AA0F404FF242FFC4E913001
:2004200000FF39FF0016160F6E0F82246D00C61D913000FF39FF0016160F10AF14FF4B0F78
:2004400061F14BF251203C013C066D003E1C3C0382023C013C01009082F282003C1753806D
:2004600020F0911000F8D9FFA06C10FFD4FF7D4F0D80538020F0911000F8D9FFA06C10FF45
:20048000481F370F48203C05C210DA183FF0E9FF3C010090404F40F46DFFA7FF09FFD408A5
:2004A000370F6CF0C21F4B0F41F14BF251203C01009020606DFFD2FF911000F8D9FF701CF8
:2004C00049FF000A49A2000AC504170044FF642FFC4E534220F010AFD4F23C01009020605E
:2004E0006DFFBCFF911000F8D9FF503C49FF000A49A2000AC504170044FF642FFC4E5342FC
:2005000020F010AFD4F23C01009020606DFFA6FF911000F8D9FF704C49FF000A49A2000A74
:20052000C504170044FF642FFC4E534220F010AFD4F23C010090494F081A3C0554FF345FE3
:20054000B015C2F4FF14FCFF02423C0100902010404F0B541088026A89A7080909FF4C1832
:20056000161F78033C0140F46DFF96FFC2188B4860F3370F68F074AF8B1A60F3370F68F002
:20058000780154AF4B0F61F14BF941503BF026F19B3FA8F34BF5413082044B5251004B0037
:2005A000716182108F461FF06E0D7B0018144B1941104B1251104B0171118F411FF06E0241
:2005C0003C010269821882074B0061014B0241F04B0661014B0F51006B0031F582014B1F49
:2005E00001F0AE046B0031B53C056B0031F567FFBFBF4B3B01F016038B0F20F26E0282140F
:20060000822D3C39DF2D05808210821E3C0773D70A004B8011028B1000E03C234B0D61A14A
:200620004BA241A0036D0AC04B0C61F14BFA51C06B0C31F5820A4BAF01F0AE046B0C31A5A0
:200640003C056B0C31F567FFBFAF4BAB01F0370F61F16E0602AB02D8036D0A900207C21089
:200660007F0EDEFF4B3B01F016038B0F20F26E023C09C21DF647736D0AF03BF0FF007FF090
:20068000C3FF820440F46D00360009FFE00837097000370F0CF089FFA00809FFE2083708F8
:2006A0007000370F0CF089FFA20809F0560854AFC2FF370F68F037F004F089FF160809F0E3
:2006C0005708580137F004F089FF170858026E03DA013C02DA0009F0570837F081F389FF67
:2006E000170840F409A40C096D00050082123C010090094F4C18374F05F0894F0C18F649A0
:200700003C01094F4F18370FE1F33C01EEFB3C093C01094F4F18370FE1F33C01DF1FFBFF0D
:200720000090494F041A3C0A145F74FFB015C2F43C010C4E161FFF1FFE7FFF14F7FF024218
:200740003C0100902008F4A4405DD4DFF44F40F46D00BE07820440F46DFFCDFFDA0009F04E
:200760005A0837F002F089FF1A0809DFC80809F0D408C2FF370F70F037F00CF0ACFA09D4BA
:200780006C0840F46DFFB7FF09D4040909D54A0809D64D0809D74C0840F46DFFDAFE02286B
:2007A000820440F46DFFA7FF09DF7C086E0382103C028200087F370F01F22CF709DF560815
:2007C0006E03DA013C02DA0009F05B0837F001F389FF1B0809DF540809F05B0837F081F358
:2007E00089FF1B0809DF510809F0590837F083F089FF190809DF530809F05B0837F001F2B7
:2008000089FF1B0809DF550809F05C0837F004F089FF1C0809D0580808CF370F02F32CFC51
:2008200009DF590809F0500837F002F389FF100809DF500809F0D80837F003F3ACFC09D0AB
:200840005A0808DF8BF0200337006800370F04F02CFD09DF5B0809F051088BFF20F3370F2F
:2008600068F037F004F089FF110809D05D0808CF370F02F22CFC09DF5E0809F0500837F027
:2008800002F289FF100809DF520809F05A0837F002F089FF1A0809DCA809BD0C7900D4CEEA
:2008A000BD0E280009C0040809C95D084CE16E2109E4840909E44808370068506D00230A3D
:2008C00009E4840909E4480802956D00540AD4E2DA016E0382103C0282000C27370F81F2BF
:2008E0002C27D4E20CEC0920460837F002F02C2609CE8809BD0E1E0009C00C0809C95D08B0
:200900004CE16E1709E4840909E44808370068506D00F90909E4840909E4480802956D0055
:200920002A0AD4E20CEC0920440837F003F02C2409CE9009BD0E150009C5540809C95D0845
:2009400009E4840909E448080CECA6F56D00DB0909E4840909E4480802956D000C0A09CE54
:200960009809BD0E150009C55C0809C95D0809E4840909E448080CECA6F56D00C40909E41C
:20098000840909E4480802956D00F50909D46C0840F46DFFB0FEDA0089FF001982FF6CFF85
:2009A000DA00D4A22C2E09DF6D082E0CDA016E03DA013C02DA0009F0421837F001F089FFC4
:2009C000021809DF6D082E1CDA016E03DA013C02DA0009F0421837F001F189FF021809DF21
:2009E0006D082E2CDA016E03DA013C02DA0009F0431837F001F189FF031809DF6D082E3C12
:200A0000DA016E03DA013C02DA0009F0431837F081F189FF031809DF6D082E4CDA016E03E4
:200A2000DA013C02DA0009F0431837F001F389FF0318DA002C2DDA002C2C09DF7D082C2F84
:200A4000D20089205409DA006C240C2F82003E0482103E043C0682193C063BC000903C0398
:200A600082093C014CDC6E0C09D4B00909D4AE0802956D005C23D4A4894284093C0909D46E
:200A8000AE0802956D003F23D4A4894284094CDE6E0C09D4B80909D4B40802956D00472321
:200AA000D4A4894288093C0909D4B40802956D002A23D4A48942880909D9660809DFE2083D
:200AC000EE03DF19228040F46DFF0BFD09DFE2081420370F68F037F008F0342F0C21379FBA
:200AE00083F12C210C2396022C23DA016E03DA013C02DA0009F0431837F001F289FF0318CF
:200B00000C2196042C2109DFE008EE03DF19228040F46DFFFCFC09DFE0081420370F68F02C
:200B200037F008F0342F0C21379F83F12C210C2396022C23DA016E03DA013C02DA0009F021
:200B4000431837F081F389FF03180C2196042C2109DFE4086E2140F46DFFADFC09DFE40868
:200B60001420370F68F037F008F0342F0C21379F83F12C210C2396022C23DA016E03DA0120
:200B80003C02DA0009F0421837F001F089FF02180C2196042C21DA016E03DA013C02DA00DD
:200BA00009F0500837F081F089FF1008DA016E0382103C02820008CF370F81F02CFC09FF50
:200BC0005008960189FF100808CF96012CFC02823C010090F445DA00894F3C08DA02894FBC
:200BE0002C08DA01AC447B107EF46C41DA032C4ADA002C4CDA032C4DDA00894F1008DA01AC
:200C0000894F1108DA01894F1208DA00894F1308DA00894F1608DA00894F1408DA07894FF2
:200C20001508DA01894F1808DA01894F1908DA00894F1A08DA00894F1B08DA00894F1C0871
:200C4000DA00894F1D08DA00894F1E08DA00894FA208DA00894FA008DA00894FA408DA00F7
:200C6000894F2608DAFF894F2D08A00FEC4AA00FEC4EA00FEC4CDA00894FAE08DA00894FB9
:200C8000B408DA00894F3D080090D44F09FF760816013C016E0909FF7E08960189FF3E08AA
:200CA0000C4E96012C4E09FF7608370F61F13C016E0909FF7E08960489FF3E080C4E96020F
:200CC0002C4E09FF7708370F61F13C016E0909FF7F08960489FF3F080C4E96042C4E09FF59
:200CE0007708370FE1F13C016E0909FF7F08960889FF3F080C4E96082C4E09FF7708370F6E
:200D000061F33C016E0909FF7F08964089FF3F080C4E96102C4E0090404F6D00FB1F022F46
:200D200002F46D00F71E821074F002F46D0012203C0114FF370FE1F0BA0F3C01DF1FFB7FCB
:200D40000090404F6D00E61F022F02F46D00E21E14F0B700010034F002F46D00FB1F3C01D4
:200D600014FF370FE1F0BA0F3C016EFB0090FF240B00538420F0911000F8D9FF84BC10FF75
:200D8000D4F23C02A0023C01009082F282003C17538020F0911000F8D9FF84BC10FFD4FF21
:200DA0007D4F0D80538020F0911000F8D9FF84BC10FF481F370F48203C04C210BF20EAFF48
:200DC0003C01009002486DFFE2FF914000FFD9FF00B8530221F010FF534820F010F23C01F0
:200DE00000907643DF140980094F6C28375F02F0894F2C283C42DF240400DF340980094F15
:200E00006C28375F02F1894F2C283C37DF440400DF540980094F6C28375F02F2894F2C2891
:200E20003C2CDA0C7E48094F6C28375F02F3894F2C283C23DA0A3E43DA0D7E48094F6D289D
:200E4000375F02F0894F2D283C18DF640400DF740980094F6D28375F02F1894F2D283C0D7A
:200E6000DA083E43DA097E48094F6D28375F02F2894F2D283C0200A00090404F0B451088DD
:200E8000026A6D00CC18022B4B8B51406D003C23022082033C0782224B200102F6023C0500
:200EA000C213DA103FF3F9FFDA107FF34B8076A682204B0911029AF03C029AF9370F7000EC
:200EC00009F1E4083701100089F0A408DA018200820137F101133701011789F138198F7386
:200EE00000F182005380201082700F10000009F2301982F4C64026020F1F00F0A6F289F252
:200F000030198F8300F18B0F20F26E0DDA00538F20F0C23F82100FF0000009FF3019A60FFA
:200F200089FF301909FF701837AF81F389FF3018DA010F3F00F04B0F61F14BFB51203C026C
:200F400082023C010090094054080C5C8B4FA0F237F001F3894F1408094051080C5C37F087
:200F600002F3894F11080090404F024F02586D00561802294BF951406D00C62202208203EA
:200F80003C0782224B200102F6023C05C213DA103FF3F9FFDA107FF33F80C2F83708700056
:200FA00009F1D4183701100089F09418820082118202370201233712012789F238198F73A9
:200FC00000F182105380201082700F10000009F2301982F4C64026020F1F00F0A6F289F261
:200FE00030198F8300F18B0F20F26E0DDA01538F20F0C23F82100FF0000009FF3019A60F19
:2010000089FF3019DA010F3F00F04B0F61F14BF951203C0282023C010090094054080C5CE9
:201020008B4FA0F237F081F3894F1408094054080C5C37F002F0894F14080090404D405FDF
:20104000C86C89DC900914CF370FE1F0BA0F3C01EE0440C46DFF77FE09FF5C081E1409FFE1
:201060005D086E5CDA0182100FF000004CC1260F6E03DA013C02DA003C01EE08DA0182108F
:201080000FF000004CC1A60F6CC109FF69086E2248BF6E05C864C8B56DFFC1FFDA0109F036
:2010A0007008532F2010C22182320F1200204CC582F3C632262F0F100000A60F6CC5483FCF
:2010C000370F70F009C0D41837F010F089CF94183C064824483540C46DFF48FF09FFF808A0
:2010E00009C0D01837F010F089CF901809FF5D186E1409FF5D08EE1109FF7A0809C07418CE
:2011000037F003F189CF341809FF7B0809C0741837F082F289CF34183C0109FF5C086E07D3
:2011200009FF5D18EE0409FF5D086E644818820182100F1000004CC126F07603DA013C02B8
:20114000DA003C01EE08820082110F0100104CC1A61F6CC109FF5D186E0B09FF5D08EE08F5
:20116000484F6E0609FF7A085E5248483C0109FF60086E31489F6E05C864C8956DFFE5FE1C
:20118000DA0009F06808532F20F09221DA030F1F00204CC582F3C632262F0F100000A60FF5
:2011A0006CC509FF740809C0701837F081F389CF301809FF74085E16DA024BF811028BF049
:2011C0001F80370870F009C0E40837F010F089CFA4083C0854F409F6740840C402856DFFF3
:2011E0004EFE09FFF60809C0E00837F010F089CFA00809FEA019BD0E2300D4ECBCCF09EFD4
:20120000080809C4840909C44808370F68506D007A05D4C440C56DFF98FE09EC8409BCCFB1
:2012200009EF080809C4840909C44808370F68506D006905D4C440C56DFFF1FE09FFFE0850
:201240006E2CC86209F07C08DA010F0F00F009203029A6F089203029C86409F47C0809F59F
:201260007D086DFFC0FDC86409F47D086DFFACFD09F0401809FFFE081421370F68F037F1A3
:2012800008F0342F0C21370F83F12C210C2396022C230C2196042C2109FFC4186E2CC862ED
:2012A00009F04218DA010F0F00F009203029A6F089203029C86409F4421809F543186DFF90
:2012C00092FDC86409F443186DFF7EFD09F0461809FFC4181421370F68F037F108F0342F83
:2012E0000C21370F83F12C210C2396022C230C2196042C2109FFCA186E2CC86209F0481889
:20130000DA010F0F00F009203029A6F089203029C86409F4481809F549186DFF64FDC864E9
:2013200009F449186DFF50FD09F04C1809FFCA181421370F68F037F108F0342F0C21370F86
:2013400083F12C210C2396022C230C2196042C2109FFD0186E2CC86209F04E18DA010F0F96
:2013600000F009203029A6F089203029C86409F44E1809F54F186DFF36FDC86409F44F1840
:201380006DFF22FD09F0521809FFD0181421370F68F037F108F0342F0C21370F83F12C21E5
:2013A0000C2396022C230C2196042C2109FF5C0889DF140849FF141A49D2180AA02444FF59
:2013C000642FFC4E00902068911000F8D9FFA09C49FF000A49A2000AC506180044FF642F6B
:2013E000FC6E49AF000A4942000AC506180044FF642FFC6E894598090090404F09FF5408D7
:20140000DF1F3780C842DA008210820137F10113370101178921381909FF6108EE28487F49
:201420006E1BC842821009FF6008532020008B80001082300F1000000922341982F3C630B5
:2014400026020F1F00F0A6F289223419C844C8756DFFE5FD3C0BC842DA008210820137F1B7
:20146000811037018114892138193C013C0109FF54086E0409FF61086E32C842DA0182004B
:20148000820137F101133701011789213819486F6E1BC842820009FF6008532020008B8068
:2014A000001082300F1000000922341982F3C63026020F1F00F0A6F289223419C844C86559
:2014C0006DFF43FD3C0BC84FDA018200820137F181103701811489F138193C010090DA002A
:2014E0000950DA08370F0EF009505C08370F03F809505D08370F81F909505E08370F01FAF1
:2015000009505F08370F83FA09506108370F01FE09506008370F03FC6C4582010950640842
:20152000370103100950650837018111095066083701041409506B083701011A09506708D2
:20154000370103120950680837018113095069083701041609506C083701811A09506A0822
:201560003701041809506D083701011B09506E083701011C09506F083701811C095F70084C
:201580006E0382203C028200095F71086E03DA013C02DA00A6F03701021D095F720837F13C
:2015A000041E89411009095F0408534F20F0D45FD4FF10FF19F0C081095F730837F0010294
:2015C000095F0408534F20F0D45FD4FF10FF59F0C081095F06096C42095F0A096C43095F8F
:2015E00016096C41095F1209744F095F6A086E0A095F6A081E17095F6A081E24095F0E09DD
:201600006C460090F4450090404F405CD4C2D42DF4FD09CF04082CF409CF0408530F22F0B0
:2016200010D2D9220002E822C82440C56DFF59FF820009CF63086E05DA0137F001083C0489
:20164000DA0137F0810809FF0408534F20F010D25920C08109CFF4086E22D4F209FF04085F
:20166000BC21534F20F060FF9140003F30F3D93F30D83C0109C0760809CFF40814F1370F86
:2016800068F037F108F034FF081F370F83F12CF1083F96022CF3081F96042CF100902038DD
:2016A000911000F8D9FF94BC49FF000A49A2000AA0D644FF642FFC6E49AF000A4942000AD5
:2016C000A0D644FF642FFC6EF4450090404F6D00211B022F02F46D001D1A14F0B7000100CC
:2016E00034F002F46D00361B0090404C025809C488090CCC3704685002F46D00040309C43C
:20170000880909C44C0802856D0035030CC482203E0B8230BE018240BE078250BE0D8260B9
:201720005F0F23003C29D4CF09C05008084F370F81F02CF43C22D4CF09C05008084F370F02
:2017400002F22CF43C1AD4CF09C05008085F370F02F02CF53C12D4CF09C05008085F370FDC
:2017600081F12CF53C0AD4CF09C05008085F370F81F22CF53C023C010090404C025809C4CD
:2017800088090CCC3704685002F46D00BC0209C4880909C44C0802856D00ED020CC48220F8
:2017A0003E0B8230BE018240BE078250BE0D82605F0F23003C29D4CF09C05008084F370F12
:2017C00001F02CF43C22D4CF09C05008084F370F02F12CF43C1AD4CF09C05008084F370F6F
:2017E00002F32CF43C12D4CF09C05008085F370F01F12CF53C0AD4CF09C05008085F370F4B
:2018000001F22CF53C023C010090404F6D00821A022F02F46D007E1991A0003030F3D93356
:20182000C04F1430B700010091A0003030F3D933C04F343002F46D008D1A0090094F30294F
:2018400053242000570F62F0EE0382023C076D0008004B0F61F14BF251203C010090913024
:2018600000FF39FF3006370F64F2EE0382023C105E186D00D4137B0000F44BF241203C0883
:2018800082046D009B134B0F61F14BF251203C013C01009037046800DA084BF00102DA02A4
:2018A00003F10AF6370F68F0DF15068082220FF210203C0482120FF210203C010090404FE6
:2018C000026F82066DFFE8FF6E04681268223C0268120090404F026F82066DFFDDFF6E04BC
:2018E000684268523C0268420090404F3B0001606DFFD2FF74F20090404F024F02698206DB
:2019000002F46DFFC9FF02283B0001600BF910486DFFC2FF8F0201F0A6F868680090DA01F3
:20192000744F0090BC41DA024BF50102534020F053042100600F9140003F30F3D93FF0B8BB
:2019400010F23C010090804F53042800420F60FF3C0168550090804F53042800420F60FF32
:201960003C0168350090804F53042800420F60FF3C0168450090804F53042800420F60FF87
:201980003C0168250090804F53042800420F60FF3C01481F375F02F06CF10090804F5304B0
:2019A0002800420F60FF3C014890DA006CF948BF375F02F06CFB68907663DA013C02DA0041
:2019C00037F001F0767382103C028200370F81F06CF90090804F53042800420F60FF3C01CD
:2019E000DF15048082103C028200481F370F81F56CF10090404C405F8218D4F2F4C2084F75
:201A00002CC4084F3B008000E20FD4F2102291F000303023D93D000889CD880909FF0508BD
:201A20002CC549DE001A89CE8C0909FF53085E1709F40508821540E46DFF59FF09F405081D
:201A40008215821640E46DFF59FF09F4050809F5500840D46DFFC0FF09F40508086540D445
:201A60006DFF93FF487F6E08C87409F4600809F561086D001D0109FF56081E1509FF570898
:201A8000DF1F278009F4050809F5580809F6560809F7570840D46DFF83FFD4F4084409F569
:201AA00005086DFF41FF09F0590809FFDA081421370F68F037F108F0342F0C21370F83F1EC
:201AC0002C210C2396022C230C2196042C2109FF53085E1E09F40508482540D46DFF4DFF6D
:201AE00009F40508483540D46DFF37FF3C0D09F40508482540D46DFF38FF09F405084835AB
:201B000040D46DFF22FF09F405088215820640E46DFFD7FE09F405088215820640E46DFFDD
:201B2000DBFE09FF54085E1509C48C096DFFF9FE02823C010090F445DA002C44DA002C4511
:201B4000DA146C42DA0A6C43DA01894F1008DA022C46DA00894F1108DA00894F1308DA01CA
:201B6000894F1408DA00894F1608DA00894F1708DA02894F1808DA00894F1908DA00AC4D56
:201B8000A00FEC47DA80894F2008DA00894F21080090404F024FC83409F40508820502F639
:201BA0006DFF8FFEC83409F40508820502F66DFF93FEC8346DFFB5FE0090594400C0009012
:201BC000194F08C0370F78F04B0F41F1194004C0370078004B0041014B0F51F06D00060034
:201BE0004BF241203C01009082046DFF29FE3C010090404F0B54108840F46DFFE3FF4B82BF
:201C000051007B00F8136B0131004B0071814B0861116B0131007B00F0134B1001F0370FA1
:201C200061F16E02C2186D007518022A02A46D007117DA00BE90DA013E9EDA023E9CDA03D5
:201C40003E9ADA043E98DA053E96DA06BE91DA07BE9C3C28534920F010F2534920F010FF0E
:201C600019FF0CC0378F18F0592F0CC03C1C534920F010F2534920F010FF19FF0CC0378FF3
:201C800018F0592F0CC03C0F534920F010F2534920F010FF19FF0CC0378F18F0592F0CC02E
:201CA0003C023C0102A46D0055180090404F0258481F8FDF1F00481F1607534F2020082F1F
:201CC0000F2F0010DA0F0F2F002091A0012FD922E05F534020F01022542F82F0C620260FEF
:201CE0002621A61F742FC82408CF09F55008A64502F46D000800C82408C402856D003B00DF
:201D00000090404F0B4510A849FC100A82404B0A01828F3A00F1538F20C09140002FD9222C
:201D2000800C7D2F08009140002FD922804C7D2F15806D00EF17022F02F46D00EB1609F05A
:201D4000201982110FA1101082F2C621261089F0201902F46D00FE17534820F010CFDAFFC9
:201D60000FCF00F00FCB10B002F302B249F240080090404F0B4510886D00CC17022A02A4A6
:201D80006D00C81649FF001ADA084BF801028F7800F1534F2040534020F010FFDA0F0F4F7B
:201DA00000F00F49109002F3029249F2400802A46D00D01700902020404CDA084BF4018235
:201DC0006D00D410534920F010A2534920F010CF488F742F09CF500816FFC21F4B0F41F19D
:201DE0004BF25100534920F010AF14FF163FC21F4B0F41F14BF05100534920F010AF14FF0B
:201E0000370F62F39211534920F010AF081F160342F1534920F010AF081F370F62F142F148
:201E20004B0141F14BF051203C01009020080248405F3705E8FB8B0F20F26E01820949A6E6
:201E4000000A028440F56D003900DA0037F9019014AF37F983900CA137F903920CA237F926
:201E600083930CA337F903950CA437F983960CA537F90398081FAE63DA003C02DA0137F905
:201E80008199DA0037F9019A14FFAE53DA003C02DA0137F9819ADA0037F9019B09FFC008BB
:201EA000370F66F3C2FF370F70F037F9859B3789049E02923C010090406C82088209DA0866
:201EC0004BF40122094F500816FF9210534320F0104F09FF6008163FC21FE2F0534320F016
:201EE000104F09FF6008370F62F39211534320F0104F09FF6108160342F1534320F0104F0E
:201F000009FF6108370F62F142F173100AA0B025405D820B3C4E534B20F010DF54FFE2AF4D
:201F20004B0F61F17B0000044B0F51C0820D820E3C328210532E20F00FF010004B0041F1CF
:201F40004BFC51F07B00F0036B00214F6D00AE1AFF922180532E20F00FF210F04B0F41F12B
:201F60004BCF01F016068B0F20F26E09C2F28B0240F3370F689002E8821D3C0FFF820B8085
:201F80009A12C2FF8B0F40F3370F689002E8821D3C04C21EBF8ECFFFF6D382798278532BC9
:201FA00020F010CF2819532B20F010CF34F8C21BBF3BB3FF0090404C405F7641820854CFB0
:201FC0006E016D00D30F3C0109CF500816FFC21F4B0F41F14BF251F03C017B00F8034BF0E8
:201FE000513048103B800040821502463700E81BBA016E037B00F8037B00F8134B015170BF
:202000003B0040929B499794024A3C4D4B0A41014B0341004B0751107B00F0236B022111C9
:202020004B0131B1DA407FBF05003B0004B03C0973AB0A10FF410400822B3C034EB2821BDC
:202040004B0B41114B1041006B07311082024B2101F0AE046B0731003C056B0731F067FF19
:20206000BF0F4B9001F06F2F1E804B9001F0AE264B9001F0AE036F060580020902A602B509
:202080006F061180DA004BF001F0AE27DA004BF001F0370F61F06E03DA003C02DA016E02EE
:2020A0003C04C2FAFF2AB47F3F5409006F0607006F050580025F026502F6DA024BF60122B7
:2020C0009AD2370F4800C2F5370568F037F80680DA024BF601421A52C2FF370F68F037F8AC
:2020E00002838E03020F3C02DA0037F802858E0382323C01370268F037F80284088FAE439B
:20210000DA013C02DA0037F80186088FAE33DA003C02DA0137F88186089F370FE1F237F886
:20212000018702823C0100907B0000F44BF45180544F6E016D001A0F3C01BB0068099B801B
:20214000B104820182033C1DDA01534320400F4F00F04B0F61F14BF251406B0831F48205B1
:202160004B5F01F0AE046B0831443C056B0831F467FFBF4F4B0401F0AE230B431008C21391
:20218000BF83E4FF02123C0100900248BC416D00ED0EDA004BF801F0AE217B0008F44BF8F3
:2021A00041F04BF251004B0031F14B0F41F16B0F31F07B00F0134B1F01F0AE244B0031F1B4
:2021C0003C044B0031F1C21F8B1F40134B0161F14BF251F06B0F31F882004B0F01F0AE0832
:2021E0004B0161F14BF251F06B0F31583C094B0161F14BF251F06B0F31F867FFBF5F824670
:202200003C2C4B0661F14BF841F04BF251F07B00F0036B0021FF4B0F710173600AF04B0FD5
:2022200061F14BF251306B0331F882044B4F01F0AE046B0331383C056B0331F867FFBF3F21
:202240004B5301F0AE247603023502013705E8FB6E02F6023C06C2163B801FF07F6FD3FF3F
:20226000C2F18B0140233C010090FF540B00538420F0911000F8D9FF4C4D10FFD4F23C028D
:20228000A0023C01009082F282003C17538020F0911000F8D9FF4C4D10FFD4FF7D4F0D805E
:2022A000538020F0911000F8D9FF4C4D10FF481F370F48203C04C210BF50EAFF3C01009036
:2022C000494F102A3C0554FFB45FB025C2F4FF14FC7F0090494F102A3C0554FF745FB045AE
:2022E000C2F4FF14FC7F0090494F102A3C0554FF345FB015C2F4FF14FC7F0090DA010F4F3F
:2023000010F0370F70F009410819765737017008A6F0370110183C083701700882F2C6F219
:20232000262037011018766737017000A6F0370110103C083701700082F2C62F26F03701E1
:202340001010894108190090DA084BF40102534120F0104F49FF241A3C06095FC00874FF50
:20236000B025C2F5FF15FB7F0090DA084BF40102534120F0104F49FF241A3C05545F74FF9F
:20238000B045C2F5FF15FC7F0090DA084BF40102534120F0104F49FF241A3C05145F74FF9E
:2023A000B015C2F5FF15FC7F0090094F5418EE047B1000F03C02DA01CC4D094078080F0F38
:2023C00010F06CF10090094288093C010090094F5418EE03DA013C037B1000F0CC4D0940BB
:2023E00078080F0F10F06CF10090404F405C406D0248D4FE40E46D00A4050229DF0936805B
:20240000ECE2084F96012CF4E84CA8A8821089F01618E86DA8E848FF6E05C8F240F42D0267
:20242000000009FF58181E1409FF58185E3540F46D008E093C1A09FF5818DE4209E2A80925
:2024400009E4A809094FD818C2F837087000370F10F0892F981840F46D007A093C06C8AFA2
:2024600009E488092D0F000002923C01009082020C44AE04D44F481F6E0282123C01009060
:202480002010404C405DD4D2D42FF802C8AFF4AFD4DFF4CF0CC4B70F01F02CC409DF6408E5
:2024A00089CF171809DF650889CF181809DF260989CF1A1909DF2A0989CF1E190CD8370F42
:2024C00061F1D4AF09F0510837F0010389F0110849DF1C0AF8015E1754FFEE05DA0089CFE4
:2024E00004183C07CCD7481F370F68F089CF041809C04418DA084BF00182534920F0D4A478
:20250000104F029440D56DFF58FD022F6CF809C4441849D5080A4CD1D4A402F56DFF88FC86
:20252000022F6CCC09CF5018DE1309D40409D4A46DFFFCFDD4A4094F682837026800370FF3
:2025400003F0894F282849C5081A6D000305821009CF44180FF000008F0001100CD9AE4380
:20256000DA003C02DA0109C444180F4F10F0D4A4494F081A8F000140A640A6F10203021249
:2025800049F2400809CF7308370F64F28F7F00416DFF13FC4B0231F189CF0A09D80154FFF9
:2025A000EE07A00FECCFA00F89CF80193C47D4FF09F2C80989C2F4090CD9370F61F289CFDC
:2025C00014180CD86F1F2280910000F8D9FF2AE2ECCF910000F8D9FF0EF289CF801940C43D
:2025E0006DFFF7FED801D4FF09D5600809DA6108DA80C82408C4A6F56DFF85FBC82408C4EB
:2026000002A56DFFB8FB3C1AA00FECCFA00F89CF801909A28409D42F09D5600809DA6108C7
:20262000D422092F5008C82408C4A6F56DFF6BFBC82408C402A56DFF9EFB09DFC808370F8D
:2026400066F389CF1518910000F8D9FF2613ECCA910000F8D9FFF4E2ECCBD80209FF46181E
:202660006E119110002F09F00518534920F0D4AF10FF49FF241A530022F0102280FF592F93
:202680000C0282023C010090404C40C46D009116A00FECC7DA8089CF2008DA0089CF2108A0
:2026A000A00FECC7DA0089CF2008DA0089CF2408DA0289CF250882FF89CF2609DA0089CF65
:2026C0002A0900902040404C405DCCD5F80F6D002113022802846D001D1214FFB70F01F04F
:2026E00034FF09DF58086E03DA003C02DA0114F037F081F134FF02846D002C13820809D492
:20270000100909A4BC096DFF42FD370268F037F80880DA0F37F80485DA0037F8828C09DF9B
:2027200059086E03DA013C02DA0037F8818DDA0137F8028FDA0137F8818E68484CD489CFBB
:202740000819820009DFC6086E043BF01FF03C02DA0037F00900820109DFC408EE0409DF1B
:2027600066086E02821137108104820109DFC208EE0409DF66086E0282113710010509DF67
:202780005B0837F0020809DF5C0837F0020909DF680837F0020D09DF690837F0020E685051
:2027A00009DEA009BD0E3B00D4EFBCFF0CE409E85508C814088408C5A6F56DFFA4FAC81411
:2027C000088402856DFFD7FACCE2BCFF0CEC09E85508C814088408C5A6F56DFF94FAC81454
:2027E000088402856DFFC7FACCE4BD0F180009EF140809E85508C8140884370F68506DFFD1
:2028000082FAC814088402856DFFB5FAD4F2D4F40C4408C0370F03F02C24D80FECCAF4CCA6
:20282000DA006CC1A00FECC2910000F8D9FF2AF2ECC5910000F8D9FF6E12ECC609DF66081D
:202840006E0C910000F8D9FFBAF2ECC7910000F8D9FFAED2ECC83C0B910000F8D9FFE4C25B
:20286000ECC7910000F8D9FFCAC2ECC8910000F8D9FFEC72ECC909DF6608DF0F8C00DA01E5
:2028800089CF061849A4000A9110005F6DFFBCF649A4040A49A5000A6DFF03F709DF25083F
:2028A00089CF051809CF05182CA8DA0089AF2708DA0189AF3408DA0089AF0A09DA0089AF13
:2028C0002A08DA0089AF2F08DA00ACAFDA0089AF2308D80F49FF241A80FF89AF0E09DA00F6
:2028E00089AF2D08DA0189AF3008DA0089AF2108DA0089AF2208DA0089AF20080CD889AF53
:202900003A0809DFC40889AFB80849C4380A49A5040A6DFF7BF609DF240889CF041809CF41
:2029200004182CA8DA0089AF2708DA0189AF3408D80F49FF102A80FF89AF0A09DA0089AFD2
:202940002A08DA0189AF2F08DA0089AF0E09DA0089AF2D08DA0089AF3008DA00ACAFDA0032
:2029600089AF2108DA0089AF2208DA0089AF2308DA0089AF20080CD889AF3A0809DFC20833
:2029800089AFB80849C42C0A49A5040A6DFF3EF63C04DA0089CF0618BBF0FFFFD80F89FFB8
:2029A000141909CF46186E4509A4BC096DFF6DFC914000FFD9FF3038534221F010FF3C01B8
:2029C000821009DF2508370F70F014F1370F68F037F108F034FF081F370F83F12CF1083F6F
:2029E00096022CF3081F96042CF109A4BC096DFF4CFC914000FFD9FF3038534221F010FF57
:202A0000B04F3C01821009DF2408370F70F014F1370F68F037F108F034FF081F370F83F157
:202A20002CF1083F96022CF3081F96042CF13C6D09DFC4086E2109A4BC096DFF26FC9140E0
:202A400000FFD9FF3038534221F010FF3C0109D0480809DFC40814F1370F68F037F108F0A5
:202A600034FF081F370F83F12CF1083F96022CF3081F96042CF109DFC2086E2209A4BC0995
:202A80006DFF03FC914000FFD9FF3038534221F010FFB04F3C0109D0480809DFC20814F1EA
:202AA000370F68F037F108F034FF081F370F83F12CF1083F96022CF3081F96042CF109DF63
:202AC000C6086E2309A4BC096DFFDFFB914000FFD9FF3038534221F010FF49FF080A3C0183
:202AE00009D0480809DFC60814F1370F68F037F108F034FF081F370F83F12CF1083F960224
:202B00002CF3081F96042CF1D80F09FF5308960189FF13080090404F405C40F46D0095142F
:202B2000E85CDA0089FF1808DA0089FF1908DA0089FF1A08DA0089FF1B08DA0089FF1C08BD
:202B4000DA0089FF2808DA0089FF2908A002E88282FF89FF240882FF89FF2508DA0089FF77
:202B60002608BB00C2FB9BEFC3F46CF40090911000CF094804186DFF28FC402F530822F035
:202B800010C2392F1E02370F61F18B0F2002DF100D80530822F010C2530822F010C4394F03
:202BA0001F029604E92F1F023C01DF00110009FF00196E0609F2801940F42D020000084F11
:202BC000B70F01F02CF4D4F46D004C02530822F010CF39FF1E02370FE1F18B0F20F25E1CB9
:202BE000530822F010CF530822F010C2392F1F029604E9FF1F023C010090404C40C46DFF55
:202C0000E4FB402F9110005F09C1051809C6A80949F7100A530122F01052392F1E02370F0F
:202C2000E1F18B0F2002DF100D80530122F01052530122F01054394F1F029604E92F1F027C
:202C40003C01DF001A00530122F0105F39FF1E02370F61F18B0F20F25E1C530122F0105F7E
:202C6000530122F01052392F1F029604E9FF1F023C011D00BC0009FF58181E1509FF581827
:202C8000DF3F2580530122F0105F39FF1E02370F61F18B0F20F25E1C530122F0105F53015D
:202CA00022F01052392F1F029604E9FF1F023C01534120F0105F534120F01052392FC28173
:202CC0009602E9FFC2811D00920009FF5818DF4F2480530122F0105F39FF1E02370F61F173
:202CE0008B0F20F25E1C530122F0105F530122F01052392F1F029604E9FF1F023C01534114
:202D000020F0105F534120F01052392FC2819602E9FFC2813C6B530122F01052392F1E02C9
:202D2000370F61F18B0F2002DF100D80530122F01052530122F01054394F1F029604E92FD6
:202D40001F023C01DF00530088AFBF2F5000530122F01052530122F01054394F1F02960499
:202D6000E92F1F02534120F01052534120F01054394FC2819602E92FC281547FEE0C48CF6A
:202D80008210370F01F0896F201909FF1A19896F24193C2C48CF8210370F01F0896F201950
:202DA00009FF5518FF9F0A80D47288AF102F09FF7FF8896F24193C1A09F05518DA103F0F12
:202DC0000D8088AFC2FF532F20F0D47F10FF09FFC008896F24193C0A88AFC2FF534F20F085
:202DE000D47F10FF54FF896F24190090404C09C2A809092FC0188FFF1F813C01BBF0FF0F1D
:202E00008920141940C46DFFE0FA402F911000DF6F08070009FF5918960189FF19186F18D5
:202E2000070009FF5918960289FF19186F28070009FF5918960489FF19186F78070009FF61
:202E40005918968089FF19186F38070009FF5918960889FF19186F48070009FF59189610D7
:202E600089FF19186F58070009FF5918962089FF19186F68070009FF5918964089FF1918FD
:202E8000DF08110009FF00196E0609F2801940F42D020000084FB70F01F02CF4D4F46D004B
:202EA000E10009CF46186E3109C00418530022F010DF39FF1E02370F61F18B0F20F25E1C0D
:202EC000530022F010DF530022F010D2392F1F029604E9FF1F023C0109C00518530022F0A3
:202EE00010DF39FF1E02370F61F18B0F20F25E1C530022F010DF530022F010D2392F1F02A9
:202F00009604E9FF1F023C010090404F40F46DFF5CFA0925AC0940242D050000484FC21FCB
:202F20006CF40090404F40F46DFF4FFA0925A80940242D050000483FC21F6CF30090DA0182
:202F4000494F0408EE0382023C0282123C0100900C5109406A2837F001F0894F2A280C52E1
:202F600009406A2837F001F1894F2A280C5309406A2837F081F1894F2A280C5409406A28FB
:202F800037F001F2894F2A280C5509406A2837F001F3894F2A280C5609406A2837F081F394
:202FA000894F2A280C5709406B2837F001F3894F2B280090404FD4F2D4220924A80949FC64
:202FC000180A094F4218370FE3013C0188EF0B0F80F1370F508054CFEE0A82003C05094176
:202FE00010293C01C2103F80FC7F3C2609F05518FF900B80D4C502846DFF78F9D4C20128B2
:203000000026F4C23C1909F05518DA103F0F0C80D4C502846DFF56F9532820F0D4C2102228
:20302000F4C23C0AD4C502846DFF56F9534820F0D4C21022F4C288EFA28FACFE88EFEE10CA
:2030400009FF00196E0609F2801940F42D020000084FB70F01F02CF4D4F46D0003000090EE
:20306000DA006C4100902008404F49FD100AD4F2D42C09CF4618DF0F7E02911000EF09C45B
:20308000A809F4A46DFF01F9534221F03C0109C8051809C904184DC0E2FF370FE1F78B0F1C
:2030A00020A23C010D00400300003C0188AFBF2FE50088AF92F0530822F010E2530822F0F5
:2030C00010E4B94F140237007000370F0EF0F92F140209FF5518FF9F10808200530822F023
:2030E00010E2530822F010E4394F1602370F83F2E92F16023C2109F05518DA103F0F108067
:203100008210530822F010E2530822F010E4394F1602370F83F2E92F16023C0E822053088B
:2031200022F010E2530822F010E4394F1602370F83F2E92F160254DFEE4049F21A1A802F20
:20314000B70F1C007B0000FDFE014DC0E1FF16073C0149F21A1A8020B7000C0AB770030EBB
:203160007B000011E21FA2F03C0449F21A1A8020530822F010E25920080282008211822246
:20318000530822F010E219231002370303303713813137230434530822F010E2592310029A
:2031A000530822F010E2530822F010E4394F12029610E92F12023C3A54DFB70F1C007B00DB
:2031C00000FD7E0F4DC0E1FF16073C0154D0B7000C0AB770030E7B000011E21FA2F03C0298
:2031E00054D0530822F010E259200802820082118202530822F010E2192310023703033016
:203200003713813137230434530822F010E259231002530822F010E2530822F010E4394FEB
:203220001202B70F01F2E92F1202D4A24922241A530822F010E4802F594F0C02820082119B
:203240008202530822F010E219231002370303323713813337230436530822F010E2592361
:203260001002530822F010E2530822F010E4394F1F029604E92F1F0288A0530922F010E278
:20328000530922F010E4B94F140237007000370F0EF0F92F140209FF5518FF9F1080820060
:2032A000530922F010E2530922F010E4394F1602370F83F2E92F16023C2109F05518DA1014
:2032C0003F0F10808210530922F010E2530922F010E4394F1602370F83F2E92F16023C0EE7
:2032E0008220530922F010E2530922F010E4394F1602370F83F2E92F1602486FEE4049F2BF
:203300001E1A802FB70F1C007B0000FDFE014DC0E1FF16073C0149F21E1A8020B7000C0A46
:20332000B770030E7B000011E21FA2F03C0449F21E1A8020530922F010E259200C0282007A
:2033400082118222530922F010E219231002370303323713813337230436530922F010E227
:2033600059231002530922F010E2530922F010E4394F12029620E92F12023C3B486FB70F8B
:203380001C007B0000FDFE004DC0E1FF8F7F00013C01486FB70F0CFAB77F031E7B0000F11C
:2033A000E2F0A2013C024861530922F010E259210C02820082118202530922F010E2192394
:2033C0001002370303323713813337230436530922F010E259231002530922F010E2530930
:2033E00022F010E4394F1202B70F81F2E92F1202530922F010E2530922F010E4394F1F025B
:203400009604E92F1F02BBF0FFFFD4A4894F14196DFF3BF79140002FD9223038534221F00C
:2034200010223C010C2396022C23D4A46DFF2DF79140002FD9223038534221F01022B042D2
:203440003C010C2396022C23D4A46DFF1EF79140002FD9223038534221F010224922080A68
:203460003C010C2396022C23530922F010E2530922F010E4394F1F029604E92F1F0253491F
:2034800020F010E2534920F010E4394FC2819601E92FC28188AFBF2F2B00530822F010E21E
:2034A000530822F010E4394F1F029604E92F1F02534820F010E2534820F010E4394FC28128
:2034C0009601E92FC28109FF5718EE0948CF8200370F01F0D4AF89FF20193C0848CF82108B
:2034E000370F01F0D4AF89FF20193C3F54DFEE0E48CF8210370F01F0D4A2892F201909FF58
:203500001A19D4AF89FF24193C3048CF8210370F01F0D4A2892F201909FF5518FF9F0B80DF
:20352000D4D288AF102F09FF7FF8D4AF89FF24193C1C09F05518DA103F0F0E8088AFC2FF2C
:20354000532F20F0D4DF10FF09FFC008D4AF89FF24193C0B88AFC2FF534F20F0D4DF10FF4C
:2035600054FFD4AF89FF241976A30D0000031D00EE0088AFBF1FEB00D4F2D422092CA809DA
:2035800009FF7308370F644209CF421816073C018B4F000109FF56185E12C2F088AF7E0206
:2035A000C2F088AF0B0F80F1370F5080BF18CF0088AF5280A8A088AFEE0382113C0282010E
:2035C00009FF5618DE11BF28100088AF6E0D4DC0E20F3700E1078B0020923C010D004003F6
:2035E00000003C013C084DC0E20F3700E1078B0020923C0109FF5618DE14820089F0161822
:2036000009FF5718EE0848CF8200370F01F089CF20193C0748CF8210370F01F089CF201928
:2036200054DFEE1E09F01A19DF01130082013C0489C02419C2119AF83FF1FC7F48CF821129
:20364000371F01F089CF201989C024193C08DA003C0489C02419C21F3F8FFD7F3C7409FF45
:203660005518FF9F2480DF011800BF280800D4D59AF840C402F56DFF8AF648CF8210370FA3
:2036800001F089CF2019D4DF01F800F609FF7FF889CF24193C06D4D540C402856DFF77F6A3
:2036A000D4DF01F800F6F4DF3C4E09F05518DA103F0F2780DF011A00BF280800D4D59AF8A2
:2036C00040C402F56DFF42F648CF8210370F01F089CF2019C2F8532820F0D4DF10FF09FFCB
:2036E000C00889CF24193C0BD4D540C402856DFF2DF6532820F0D4DF10FFF4DF3C24DF0103
:203700001900BF280800D4D59AF840C402F56DFF2EF648CF8210370F01F089CF2019C2F8B0
:20372000534820F0D4DF10FF54FF89CF24193C0BD4D540C402856DFF1AF6534820F0D4DFDF
:2037400010FFF4DF76930D00000300902008404D49DF100AD4D2D42C8CDA82404B0F0102BC
:20376000F6188CDA82404B0F0102370068F03C088CDA82404B0F0102370068F0C21F370FA8
:20378000688009DF58189E4B8CDA3B0001004B0F0102F6198CDA3B0001004B0F01023700BC
:2037A00068F03C098CDA3B0001004B0F0102370068F0C21F42F8C2F83708688009CF4618AC
:2037C000DF0F2102911000EF09C4A809F4A46DFF5CF5534221F03C0109C9051809CA0418B4
:2037E0004DC0E2FF370FE1F78B0F20B23C010D00400300003C01530922F010E2530922F0B9
:2038000010E4B940140237800E00F92014028220530922F010E2530922F010E4394F1602AD
:20382000370F83F2E92F160254FFB70F1C007B0000FD7E0F4DC0E1FF16073C0154F0B70021
:203840000C0AB770030E7B000011E21FA2F03C0254F0530922F010EF59F0080282008211A4
:203860008202530922F010EF19F31002370303303713813137230434530922F010EF59F385
:203880001002530922F010EF530922F010E2392F1202B70F01F2E9FF120209DF58189E4DD5
:2038A000D4AF49FF1C1A530922F010E280FF592F0C02820082118202530922F010EF19F380
:2038C0001002370303323713813337230436530922F010EF59F31002530922F010EF530941
:2038E00022F010E2392F1F029604E9FF1F028CDA82404B0F0102F6188CDA82404B0F010280
:20390000370068003C088CDA82404B0F010237006800C210530A22F010EF530A22F010E2FF
:20392000B92F140237007000370F0EF0F9FF14028220530A22F010EF530A22F010E2392FB7
:203940001602370F83F2E9FF16024CD6EE4049DF1E1A80FFB70F1C007B0000FDFE014DC0FF
:20396000E1FF16073C0149DF1E1A80F0B7000C0AB770030E7B000011E21FA2F03C0449DFB1
:203980001E1A80F0530A22F010EF59F00C02820082118222530A22F010EF19F3100237033B
:2039A00003323713813337230436530A22F010EF59F31002530A22F010EF530A22F010E2A5
:2039C000392F12029620E9FF12023C3C4CD6B70F1C007B0000FDFE004DC0E1FF8F7F0001CB
:2039E0003C014CD6B70F0CFAB77F031E7B0000F1E2F0A2013C0309D11809530A22F010EFBC
:203A000059F10C02820082118202530A22F010EF19F3100237030332371381333723043628
:203A2000530A22F010EF59F31002530A22F010EF530A22F010E2392F1202B70F81F2E9FF4E
:203A40001202530A22F010EF530A22F010E2392F1F029604E9FF1F02BBF0FFFFD4A4894F5E
:203A600014196DFF12F4914000FFD9FF3038534221F010FF3C01083F96022CF3D4A46DFFC3
:203A800004F4914000FFD9FF3038534221F010FFB04F3C01083F96022CF3D4A46DFFF5F363
:203AA000914000FFD9FF3038534221F010FF49FF080A3C01083F96022CF3530A22F010EF3E
:203AC000530A22F010E2392F1F029604E9FF1F02534A20F010EF534A20F010E2392FC28163
:203AE0009601E9FFC28109DF5818DF3F308009D09408DA103FF00A0009D0F208DA0F37F063
:203B000085F389DFB2083C0B09D0F2088CDAC2FF370F70F037F085F389DFB20809D09408EE
:203B2000DA103FF0090009DF7008B70F01F089DF30083C0609DF7008960189DF300809DFEB
:203B40007208964089DF32083C3709DF5818DF1F248009D09408DA103FF00A0009D0F2089B
:203B6000DA0F37F085F389DFB2083C0B09D0F2088CDAC2FF370F70F037F085F389DFB208F3
:203B800009DF7008960189DF300809DF7208964089DF32083C1109DF7008960189DF3008D0
:203BA00009DF7208964089DF320809DFF208B70F85F389DFB208530922F010EF530922F00E
:203BC00010E2392F1F029604E9FF1F02534920F010EF534920F010E2392FC2819601E9FF54
:203BE000C28109DF58181E464CDCD4AF89FF1C193C054CDCD4AF89FF201976B30D00000378
:203C00003C010090534420F0911000F8D9FF445D10FF54F1404CB04C913000FFD9FF0006A4
:203C20009130002F392F1B06370F62F3EE06BB00C2FB9BEFCBF43C1A9130002F392F1B06EC
:203C4000370F62F35E16BB0068F99B8FB9F43C0E9130002F392F1B06370F62F35E26BB00C5
:203C600068F99B8FB9F43C02DA003C0109F059083700E700C2104B0041014B0F410009FF3D
:203C80005B081607C21F4B0F41F14BF051F07B802C044B0151007B0000144B104100BB000D
:203CA000A01B9BB1A5144B1F51F04BF041F0744F544F7B0020047B00F0136B0F61416D0021
:203CC000230CB4C2009020108208911000F8D9FF744D49FF000A49A2000AA0F404FF242F92
:203CE000FC4E913000FF39FF0116370F62F282103E048220BE073C1C82146D005F0191301A
:203D000000FF39FF0116160F6E0C913000FF39FF0116160F10AF14FF4B0F61F14BF25180F6
:203D20003C08BB0068899B88B9843C013C023C0102823C01009002486D00B9018200DA005D
:203D40003E88DA013E8BDA023E8EDA03BE813C15913000FF19F000263C12913000FF19F0DE
:203D600004263C0D913000FF19F008263C08913000FF19F00C263C0382023C01760B8B008E
:203D800004F14B0F61F17B0028044B0F51F04BF241203C010090913000FFD9FF0006913076
:203DA000002F392F1B06370F62F3EE06BB00C2FB9BEFCBF43C1A9130002F392F1B06370FE6
:203DC00062F35E16BB0068F99B8FB9F43C0E9130002F392F1B06370F62F35E26BB0068F929
:203DE0009B8FB9F43C02DA003C0109F069083700E700C2104B0041014B0F411009FF6B088A
:203E00001607921009FF6C081607C21FE2F04B0041F14BF151203C010090913000FFD9FF08
:203E200000069130002F392F1B06370F62F3EE06BB00C2FB9BEFCBF43C1A9130002F392F05
:203E40001B06370F62F35E16BB0068F99B8FB9F43C0E9130002F392F1B06370F62F35E265D
:203E6000BB0068F99B8FB9F43C02DA003C0109F068086F001F8009F069083700E700C21029
:203E80004B0041014B0F411009FF6B081607921009FF6D081607C21FE2F04B0041F1BBD05B
:203EA000CC0C9BC0FC034B0F41F04BF151203C1909F069083700E700C2104B0041014B0F02
:203EC000411009FF6B081607921009FF6D081607C21FE2F0532020F04B0F41F14BF151204E
:203EE0003C010090913000FFD9FF00069130002F392F1B06370F62F3EE06BB00C2FB9BEF4D
:203F0000CBF43C1A9130002F392F1B06370F62F35E16BB0068F99B8FB9F43C0E9130002FD7
:203F2000392F1B06370F62F35E26BB0068F99B8FB9F43C02DA003C0109F059083700E70019
:203F4000C2104B0041014B0F411009FF5C081607921009FF5B081607C21FE2F04B0041F174
:203F60004BF151203C01009082088202913000FF39FF3706370F62F282103E0482203E0630
:203F80003C0982146D001A003C0682246D0016003C023C01913000FF39FF3706160F6E0A07
:203FA000913000FF39FF3706160F4B0F41F14BF2518002823C010090913000FF39FF33068B
:203FC000370F62F282003E0482103E083C23BB00C22B9BE2CB243C013C1FDA003E46DA0167
:203FE0003E47DA02BE413C136DFF7EFF3C126DFFD4FE913000FF39FF3406AE757B0000F4D9
:204000004BF251203C066DFF0AFF3C0382023C013C0382023C013C01009082046DFFCEFFAF
:20402000913000FF39FF3106370F6302DA003E0EDA015F0F2400DA025F0F2600DA035F0F58
:204040002800DA045F0F2A003C2D913000FF39FF3206160F6E07913000FF39FF3206160F3A
:204060005E1382023C0A913000FF39FF3206160F4B0F41F14BF251203C177B001FF44BF258
:2040800051203C127B0027F44BF251203C0D7B002FF44BF251203C087B0037F44BF25120F0
:2040A0003C0382023C013C01009082046DFF86FF913000FF39FF3106370F6302DA003E0CBE
:2040C000DA01BE0CDA02BE0FDA035F0F2200DA045F0F24003C27913000FF39FF3106160FFE
:2040E000EE0382023C0A913000FF39FF3106160F4B0F41F14BF251203C177B001FF44BF259
:2041000051203C127B0027F44BF251203C0D7B002FF44BF251203C087B0037F44BF251206F
:204120003C0382023C013C010090404F82029130002FD92228A6542F370F6EF18FFF83119C
:204140003C019130002F192F28A66F1F12008F2120F096019130002F192028A6370070087F
:204160008F002100A60F9130002F592F28A68F2120F096029130002F192028A63700700896
:204180008F002100A60F9130002F592F28A63C019130002F192F28A61601DF1FFB7F3B0067
:2041A00000013C05C2F04E0382123C089130002F392F3306370FE1F3EEF69130002F192F1B
:2041C00030068200370F02FE8210370F01FF9130002F592F30063B0000013C05C2F04E03DB
:2041E00082123C089130002F392F3306370FE1F3EEF6DABC9130002F592FB4069130002FA0
:20420000192FA0563B20FE0F260F9130002F592FA0569130002F192FA4563B20FE0F260F86
:204220009130002F592FA4569130002F192FA8563B20FE0F260F9130002F592FA856DA00E9
:204240009130002F592FB4069130002F392F1A06B70F01F09130002FE92F1A069130002FE5
:20426000392F2A06B70F01F09130002FE92F2A063B0000F33C05C2FF4EF382123C0D9130A8
:20428000002F392014066F10F87F9130002F392024066F10F27F084F1E13084FDE2891307D
:2042A000002F192F10068200370F82F254F03B90D03306634B3011428B141F00370068008F
:2042C000370F05F89130002F592F10069130002F19201806086F37F0030C087F37F08704E0
:2042E000084F37F0020F9130002F592018069130002F1920280608EF37F0010008AF37F054
:20430000030C08BF37F087049130002F592028069130002F392F1A0696019130002FE92F67
:204320001A069130002F392F2A0696019130002FE92F2A063B0000F33C05C2FF4EF3821201
:204340003C119130002F392014063700E100DF10F67F9130002F392024063700E100DF10B7
:20436000EE7F3B0000063C05C2F04E0382123C169130002F392F1406370FE1F26EF69130B5
:20438000002F392F2406370FE1F26EEF9130002F392F2406370F61F26EE89130002F39202C
:2043A0001C06088F37F003F09130002FE92F1C069130002F19202C0608CF37F0030008DFBD
:2043C00037F003049130002F59202C063B0000063C05C2F04E0382123C169130002F392F51
:2043E0001406370FE1F26EF69130002F392F2406370FE1F26EEF9130002F392F2406370F66
:2044000061F26EE83BF0490206503C05C2F04E0382123C0C9130002F392F1006AE17913013
:20442000002F392F11066F0FF37F9130002F392F1A0696049130002FE92F1A069130002FB4
:20444000392F2A0696049130002FE92F2A063B0000F33C05C2FF4EF382123C0D9130002FB4
:20446000392014066F20F87F9130002F392024066F20F27FDABC9130002F592FB406DA05A9
:204480009130002F592FA006DA1D9130002F592FA076DA009130002F592FB4069130002F7D
:2044A00019203006DA0137F0020EDA0137F0010F3B0000313C05C2F34E3382123C089130ED
:2044C000002F392F3306370FE1F3EEF69130002F592030063B0000013C05C2F04E0382125B
:2044E0003C089130002F392F3306370FE1F3EEF69130002F192F28A66F1F12008F2120F083
:2045000096019130002F192028A6370070088F002100A60F9130002F592F28A686218F314C
:2045200040F19130002F192028A6370070088F002100A60F9130002F592F28A63C019130FB
:20454000002F192F28A66F0FFC7F022F3C01EE0509F4A0196D009802DF0FE28149F21C0A4D
:2045600082029130004FD94428A6544F370F6EF18FFF83113C019130004F194F28A66F1F41
:2045800012008F2120F096019130004F194028A6370070088F002100A60F9130004F594FAF
:2045A00028A68F2120F096029130004F194028A6370070088F002100A60F9130004F594FD2
:2045C00028A63C019130004F194F28A61601DF1FFB7F9130004F19403006488F82F3C63F0B
:2045E00026F0488F5423263FA6F03B0000313C05C2F34E3382123C089130002F392F330610
:20460000370FE1F3EEF69130002F592030063B0000013C05C2F04E0382123C089130002FB5
:20462000392F3306370FE1F3EEF69130002F19203406370062F2EE07370062FAEE0437003C
:2046400062FE6E369130002F1920340648AF82F3C63F26F048AF4893263FA6F0DA0037F09E
:204660000202DA0037F0020ADA0037F0020E3B0000313C05C2F34E3382123C089130002F6D
:20468000392F3706370FE1F3EEF69130002F592034063B0000013C05C2F04E0382123C087C
:2046A0009130002F392F3706370FE1F3EEF69130002F1920340648AF82F3C63F26F048AF86
:2046C0004893263FA6F03B0000313C05C2F34E3382123C089130002F392F3706370FE1F39A
:2046E000EEF69130002F592034063B0000013C05C2F04E0382123C089130002F392F370646
:20470000370FE1F3EEF69130002F192F0016370F62F66E309130002F1920001648CF82F346
:20472000C63F26F048CF48B3263FA6F0DA0037F002063B0000313C05C2F34E3382123C088D
:204740009130002F392F0316370FE1F3EEF69130002F592000163B0000013C05C2F04E03EB
:2047600082123C089130002F392F0316370FE1F3EEF69130002F1920001648CF82F3C63F22
:2047800026F048CF48B3263FA6F03B0000313C05C2F34E3382123C089130002F392F0316CA
:2047A000370FE1F3EEF69130002F592000163B0000013C05C2F04E0382123C089130002F34
:2047C000392F0316370FE1F3EEF69130002F19200C1648EF82F3C63F26F048EF48D3263F91
:2047E000A6F0DA0137F0010F3B0000313C05C2F34E3382123C089130002F392F0F16370F93
:20480000E1F3EEF69130002F59200C163B0000013C05C2F04E0382123C089130002F392FA5
:204820000F16370FE1F3EEF69130002F1920002609FF001982F3C63F26F009F3001948FFF9
:2048400026F3A6309130002F592000269130002F192F042609F0081982F3C630260F09F0C5
:20486000081909F304192630A60F9130002F592F04269130002F192F082609F0101982F354
:20488000C630260F09F0101909F30C192630A60F9130002F592F08269130002F192F0C268F
:2048A00009F0181982F3C630260F09F0181909F314192630A60F9130002F592F0C26913065
:2048C000002F192F28A66F1F12008F2120F096019130002F192028A6370070088F00210046
:2048E000A60F9130002F592F28A686218F3140F19130002F192028A6370070088F002100CF
:20490000A60F9130002F592F28A63C019130002F192F28A66F0FFC7F022F3C01DF0FB180D3
:2049200049FC140A82089130002FD92228A6542F370F6EF18FFF83A13C0182091D009C0076
:204940009130002F192F28A66F1F12008F2A20F096019130002F192028A6370070088F001C
:204960002100A60F9130002F592F28A68F2A20F096029130002F192028A6370070088F0085
:204980002100A60F9130002F592F28A63C019130002F192F28A61601DF1FFB7F3B000006E8
:2049A0003C05C2F04E0382183C089130002F392F1406370FE1F26EF69130002F39201C067B
:2049C000536920F0C8621022142F37F003F09130002FE92F1C069130002F192F28A66F1F94
:2049E00012008F2A20F096019130002F192028A6370070088F002100A60F9130002F592FC2
:204A000028A68F2A20F096039130002F192028A6370070088F002100A60F9130002F592FE3
:204A200028A63C019130002F192F28A66F0FFC7F536920F0C8621022092B020982046DFF13
:204A4000BDFA9130002F392F3006160F4B0F41F14BF251F03C014BBF41F04B0F71F185F138
:204A600010013C0185F01001A2103FF0FDFFC2193709689014CF3FF965FF028F3C0102F231
:204A80003C0100902008144F09444108DF1F298049A4000A6DFFB8F86D005001022F02F489
:204AA0006D006000913000FF19F1200609A0C408BB00402FA62037011010913000FF59F172
:204AC0002006913000FF19F01806821137100101913000FF59F0180602F46D006201009070
:204AE000DA018B0401000F0F10F0913000FF59FF24860090DA010F4F00F0913000FF19F0E9
:204B0000208626F0760382123C0282023C0100904DC0E1FF16073C0153CF20F060FF9130A4
:204B2000003F30F3D93F0C9654FF2E1B8F2420F0960154F0370070088F002100A60F74FF98
:204B400086248F2440F154F0370070088F002100A60F74FF3C0154FF1601DF1FFE7F00904A
:204B6000913000FF19FF28A66F1F12008F2420F09601913000FF19F028A6370070088F00C0
:204B80002100A60F913000FF59FF28A686248F2440F1913000FF19F028A6370070088F00F6
:204BA0002100A60F913000FF59FF28A63C01913000FF19FF28A61601DF1FFB7F00904DC02A
:204BC000E1FF16073C01913000FFD9FF0C9653CF20F010FF54FF2E1B8F2420F0960154F0E6
:204BE000370070088F002100A60F74FF8F2420F0960254F0370070088F002100A60F74FF08
:204C00003C0154FF1601DF1FFE7F084F96082CF454FF2E1B8F2420F0960154F03700700874
:204C20008F002100A60F74FF86248F3440F154F0370070088F002100A60F74FF3C0154FFA3
:204C40006F0FFF7F0090913000FF19FF28A66F1F12008F2420F09601913000FF19F028A691
:204C6000370070088F002100A60F913000FF59FF28A68F2420F09602913000FF19F028A648
:204C8000370070088F002100A60F913000FF59FF28A63C01913000FF19FF28A61601DF1F22
:204CA000FB7F913000FF39FF2CA69608913000FFE9FF2CA6913000FF19FF28A66F1F120052
:204CC0008F2420F09601913000FF19F028A6370070088F002100A60F913000FF59FF28A6E9
:204CE00086248F3440F1913000FF19F028A6370070088F002100A60F913000FF59FF28A685
:204D00003C01913000FF19FF28A66F0FFC7F00904DC0E1FF16073C0153CF20F060FF91308E
:204D2000003F30F3D93F0C9654FF370F6EF18FFF83213C013C010090913000FFD9FF28A6BD
:204D400054FF370F6EF18FFF83213C013C0100904DC0E1FF16073C0153CF20F060FF913086
:204D6000003F30F3D93F0C9654FF2E1B8F2420F0960154F0370070088F002100A60F74FF56
:204D800086248F3440F154F0370070088F002100A60F74FF3C0154FF6F0FFF7F00909130CD
:204DA00000FF19FF28A66F1F12008F2420F09601913000FF19F028A6370070088F0021001E
:204DC000A60F913000FF59FF28A686248F3440F1913000FF19F028A6370070088F002100A4
:204DE000A60F913000FF59FF28A63C01913000FF19FF28A66F0FFC7F0090F647094F4018BF
:204E00009601894F00183C08DF140780094F40189604894F00180090F647094F7C089601D3
:204E2000894F3C083C08DF140780094F7C089610894F3C080090FF440B00538420F0911094
:204E400000F8D9FF607D10FFD4F23C02A0023C01009082F282003C17538020F0911000F85E
:204E6000D9FF607D10FFD4FF7D4F0D80538020F0911000F8D9FF607D10FF481F370F4820ED
:204E80003C04C210BF40EAFF3C010090404C405F09C0380909C13C0914FFEE0C083F37F08C
:204EA0000500082F37F00504081F37F1011182183C0F14FF5E1C083F37F00508082F37F0DA
:204EC000050C081F37F1011382183C02820889C13C0989C0380940C46DFFBDFF09FFC808DF
:204EE0006E26081FEE099140002FD92200C8538220F010223C099140002FD92200C8538249
:204F000020F01022B04208A009FFC8081421370F68F037F108F0342F0C21370F83F12C2153
:204F20000C2396022C230C2196042C2108264CC4820102F009C32C0982020F20A0400F31C0
:204F4000A0503C016DFF6CD93C0114FF534F20F010C28922300914F440C46DFF50FF14F4EC
:204F600040C46DFF5BFF08264CC4820102F009C32C0982020F20A0400F31A0503C016DFF47
:204F80004FD93C0114FF534F20F010C2481F42F28922300902823C01009091100048D9443F
:204FA000C46C82129130002F192F34A6370F6EF18FFF83313C019150022F392F2C08160132
:204FC000DF1F7080094584093C648F2320F07BC0FF0FA60F9130002F592F34A63C01913058
:204FE000002F192F34A6370FE1F0DF1FFA7FCC513C0DD4F25420482F82F1C61F26F0481FE6
:20500000A6F0D4F2742049FF0C0A80F0145F53CF20104C5142F13F10EEFF9150022F392F87
:205020000B4896409150022FE92F0B488F2320F07BC0FF0FA60F96029130002F592F34A620
:205040003C01913000FF19FF34A66F1FFC7F3B0010F0C2FF4EF382023C09915002FF39F047
:205060000B4837006103DF10F67F4C52BB00520C9BB0BF044B0F41F04B0F71F185F110014B
:205080003C0185F01001A2103FF0FDFF49550C0A8050144F53CF20104C4142F13F1097FF92
:2050A000022F3C01EE0200A0DC0B009091100028D922CC6C8210915002FF39FF2C08160188
:2050C000DE1C82023C0DCC2153C220F010FFD4F45441482F26F1481F3E128200C212142FAD
:2050E0003FF2F37FDF100A80915002FF39FF2E08370FE1F21E1282003C01F60200A0DC0BBD
:205100000090025FC234B7040200370050808BC801008B8000406D002F18BC2640240B8FB1
:2051200010486D0004003C010090C234B70402F0370F5000DA00894F1808DA01894F1908FA
:20514000804F8BCF01F0C27FB70F03F0744FDA00AC42DA00AC47DA00894F0A09894F060937
:20516000DA00AC49AC48894094088945960840423C0100906D00AC020090544F2E1B8F2402
:2051800000F096015440370070088F000100A60F744F06248F2440F15440370070088F005D
:2051A0000100A60F744F544F0090913000FF19FF28A66F1F12008F2400F09601913000FF03
:2051C00019F028A6370070088F000100A60F913000FF59FF28A606248F2440F1913000FF50
:2051E00019F028A6370070088F000100A60F913000FF59FF28A6913000FF19FF28A60090C8
:2052000002484DC0E1FF16078B5F20F33C0153CF20F060FF9130003F30F3D93F0C9640F45E
:2052200002846DFFACFF084F96082CF440F402846D005C000090024802846DFFB8FF9130F5
:2052400000FF39FF2CA69608913000FFE9FF2CA602846D0063000090BB00C20B9BE0CB0475
:20526000913000FF39FF1B06370F62F35E26BB0068199B81B9143C0B5E16BB0068199B81BE
:20528000B9143C05BB00C21B9BE1CB14913000FF39FF3306370F62F26E1D913000FF39FFBF
:2052A0001906370FE7F0C21F4B0F61F14BF14110913000FF39FF1B0616079210913000FF00
:2052C00039FF1C061607C21FE2F04B0061F14BF15100913000FF39FF3006160F4B0F41F19B
:2052E0004BF051203C010090544F2E1B8F2400F096015440370070088F000100A60F744FC4
:2053000006248F3440F15440370070088F000100A60F744F544F0090913000FF19FF28A64B
:205320006F1F12008F2400F09601913000FF19F028A6370070088F000100A60F913000FF48
:2053400059FF28A606248F3440F1913000FF19F028A6370070088F000100A60F913000FFBE
:2053600059FF28A6913000FF19FF28A600909120003030434933088A543F06F4374F9FF0CD
:205380009120003030434933088A743F9120003030434933148A543FEF8F0A00B70F01FCAC
:2053A0009120003030434933148A743F0090F445DA006C410C4896012C480C4896022C48BD
:2053C0000C48B70F01F12C480C48B70F81F12C480C48B70F01F22C480C4896202C48094005
:2053E000C808DA0837F006F3AC440C49B70F01F22C49DA00894F0E09DA00894F1209DA00F8
:20540000894F0A090C49B70F81F22C490C49B70F01F32C49094F5808B70F01F0894F1808B3
:20542000094F5808B70F81F0894F1808094F5808B70F01F1894F1808094F5808B70F81F12D
:20544000894F18080090DA00344FDA00AC41DA00AC42DA00AC43DA002C48DA00AC45A00F47
:20546000EC43DA006C4400908F841EF08F0F0801B70408FC3704E81BB71F812BDA7F7FF1D3
:20548000048082020090DA967F1F048082023C068B6109F1325F0FF2002037024820760469
:2054A0003252370248200090B70408FC3704E80BB71F811BDA7F3FF00580DA967F0F048049
:2054C000820200908B6009F1325F0FF10010370168200090B70408FC3704E80BB71F814B53
:2054E000DA7F7FF00480D2020090DA967FF0078082058B6009611DFF93D682058BA016600D
:205500001DFF8FD6B70408FC3704E80BB71F811BDA7F3FF00580DA967F0F04808202009008
:205520008B6009F1325F0FF100103701702000908B0420F28B0500F5EE0A7B000800820367
:20554000B700892B8F7301F0A6F2009082029B02F02FBBF0FF3F9BF3FF3F0F2480000F35D9
:205560008010BA008B0100F4EE4C3B7001800B451068BB00FF1F9BF1FF1F8F0400012651A5
:20558000BA008B0100F4EE2182019BF1FF1F8F0400012651BA008B0100F4EE098F751E1027
:2055A0007745804302153B0003803C0F8F351F107745804902153B4002803C078FF51F10CA
:2055C0007745804F0215C2180F2480000F3580108B0020F28B0100F5EEF202490B6710A855
:2055E000D2148B881E606DFF1CD60F2A80000F3B8010BA008B0100F4EE2B3B0008703C29D8
:205600003B600930BB00000F9BF00F0026408F0500118B0020F28B0100F5EE073BA0083021
:20562000774500568FC4004082009B00080082013C05C2F37745805006140B0430F10B1531
:2056400000F20B15A0F2EEF602401DFF7BFF82078BF29F008BF3BF1026A026B1BA008B0115
:2056600000F4EE038F0744718BF80760820402951D00E2193BD03CF19B4FEDF34BF401F0A9
:205680002E031D008C1A7B00F803BBA027F89BAF01F44BF401F02E2C3BB0FDF09B9FFCF35C
:2056A0004B4051406D007B1A6B02312F00906B0031F46B0021044B0F51406D00701A3BB082
:2056C000FDF09B9FF4F36B0F2122009091100048D9440C101D0002008208404F8209820AFE
:2056E000820BC81CC82D483C09FF1001DF1F238080CF160180D08F100001FE046E04C2FC7E
:2057000004DF24CF76CF8F3C00018FEC1FF06E0902F140D2C2F16014442164C1FC4E90DD34
:20572000020CDF0CE07FC2FC60C204DF24CFFC2E3CD9DE2580CF2E03C2FC24C9DF0CD37FB1
:205740008F3C00F106EC76C5C2FC60C264CAFC2F6EC9C2FF60F224CBFC2F3CC48F0F1F0006
:20576000DF002E008F3F0001DF102B8080CF8F3F00D180DF1603FEDB76DB02D440C440D534
:205780006D00590B01CD00C601DD00D6A2DC76CF8F3C00018FEC1FF06E0902F140D2C2F1A8
:2057A0006014442164C1FC4E90DD020CDF0C9B7F02C440C440D56D003E0B3C940090160313
:2057C000DF2F91FF80CF16036E0702F440C46D001B0B10CCA2FCDF0C867F8F3C004106EC59
:2057E00076C5C2FC60C264C8FC2FDF047C7F40C46D000A0B1DFF77FF804F8F4F1E00DA0894
:205800003E03DA097E077646604FB0FF89404403FCFE00900090910000F7D9FF0050084F94
:20582000DF3F22009E489E573B800000BE073B900000BE093BA00000BE063BB00000BE0EE5
:205840003BC00000BE003BD00000BE003BE00000BE053C184844C8343C13C8343B40064000
:205860006DFFCCFF3B4006403C0AC8243B4006406DFFC4FF3B0002403CEF4834C8246DFF92
:20588000BDFF3B40014040F46DFFB8FF1DFFC4FF205089A4380989A62C0989A73409DA01D0
:2058A000A00F820909AA1019780C89A9081989A9280902A089A90019B70089FBF8067811E9
:2058C0003700E8FB78080258404C029D405D8BFF0FC27B00F8B376C658116E04029C09AD20
:2058E00030095808BA0F7813F68A3B700600580B3E043B7004007E0382183C23580D6F5F89
:2059000021803B100600580B3E043B100400FE095811EE0382083C1582788F3F000082011A
:205920003C06C2F88FC31F107723000E0B011028FBF0000026202631BA008B0100F4EEF25C
:20594000DA00780F02A46D004C0C7625DA2D780F67AABFAFEE0E580D8F8F0101DA087E03EF
:20596000DA2B3C068B000102580FAB0FA2F0780F09A00019AA1089A00019DF0D1600580BF5
:20598000911000F8D9FF408D10FF081F2E37910000F8D9FF3C00F8063C1B910000F8D9FFDB
:2059A0003020F8063C15DF0C1D00580B911000F8D9FF408D10FF081F2E36910000F8D9FFA4
:2059C0003C203C05910000F8D9FF0030F8065810BB90FF0F9239580D260F780D1D008C0146
:2059E0003B100600580B3E053B1004005F0F27805808AB1F18FF780858109230F683580D83
:205A00002E22C210428058083BC0F91FC2207FF106003B4006103F1F0400DA033C0A3B6026
:205A2000FF1F7FF106003BA000103F1F0400DA02780C580C12091D005F01580849AF0A0ABD
:205A40006E7549A4140A02A46D00761409AC1409022A370CE8FB82006E55BBF028EC49AE9C
:205A6000130A7B0012D49B5ECFE33C3F49A20A0A7D2E0C8049AF120A49AE130AA07209F019
:205A80003FF489E03FF4FC2CBBD0CC0C58059BC0DC0349A4140A4B0F41406D004D1489A236
:205AA0000609DF0914806B0E21F24BDB41B04BDF41406DFFDBFC762A4BBC514049A4140A87
:205AC00082196D00391489A2060909AF06096B0E21FF4BDF41406DFFC9FC8B0203F089EF03
:205AE0003FF4580AC21F780A5805370FE8FBEEBF3C0304EF24FF49A2130A012E20F4EEFAF3
:205B00003C154B0A01F06F2F12007B0012043C064B0A41A0580AC2FF780A4B0A41F089AFD2
:205B200006094BBF01F06F0FF5FF3B600610580B028082093E143B6004107E13580A128042
:205B40003B500610580B3E143B5004107E12C210CE03DA003C038B7000F310A2492E0A0AD9
:205B60003C117B0012F449A4060A4BFA41406D00E313022A09A406096DFF78FC8B0203F0E9
:205B800024FF01FE20F4EE0649A2130A012F20F4EEE909EF000840EFC25F3C0A49AF0A0A16
:205BA00001EF30F4EE0740EF09EF3FF4C21F34EF3C08DA3134EF49EF010A580AC21F780A04
:205BC00009E00008DA393F0FEB7F89F93FF049A20A0A012F20F4EE0609F00008DA305F0FA8
:205BE000F67F3B500600580BBE013B5004003E0E3B6006005F0F3C003B6004005F0F380012
:205C0000580A3FF80400FFDF330058103B50062049AF0A0A9210580B09A10A083E243B5003
:205C200004207E2C761349AF0B0A14FFEE04580DAE227682C21042803C17028276158BF855
:205C40001F2049AF0B0A14FFEE03580D2E22C21082013C0814FFEE03580D2E23C210B01F4B
:205C6000C2113F21F97F8B4000903C453B600600580B3E043B6004007E0F09A02809FA1047
:205C8000AB10A09F581042F9F684580D6F2F34001A8992193C300280580A49AF0A0A4EF4CA
:205CA000581092193C0D09A1280958101219021F14F17612B01FABF01F00C2FFEEFA14FF27
:205CC0006E02F604580D6F2F1700580AC219325F3C04C2FFC219C2F07607FF1FFC7F3C048E
:205CE000C219B01FC2F0760314FFEEFB580D16042B09009F580F6E0D580D16036E0A61FF49
:205D000061D309A43C0940C46D004608DA00780FD806BD0F1A803B100600580B3E043B10B8
:205D20000400FE02580D16036E0F54DFC22F61FF36D36D003108580B40C48B7F01406D0012
:205D40002B08DA017812580D6F0F1680580EA29F3C0F61FF37D3580D40C416028B0F20F2A9
:205D6000864F8B0F02406D001708580EC2FF780EFF1FF17F580F6E0861FF24D309A43C0985
:205D800040C46D000908D806BCFA40F440C56D00120854DFC23F74DF1D008A013B100600AD
:205DA000580B3E053B1004005F0F9F808F28200058138B7001018B1F03A1BF102200820160
:205DC000DA177FF00800821258110F021020262F6E02821182F2C2F00F0200F0C6F2F614DC
:205DE0005811262F6E045811A62F78115811C21F7811EF7F0600DA0078113B2003A058129A
:205E0000EE0D54DFC22F61FFCAD26D00C507580B40C48B7F01406D00BF0761FFD3D202A49E
:205E200040C46D00B907F683580D2E2561FFC4D26D00B20758113B8001B054D08F1F00A09D
:205E4000428074D03C183B000340DF0B1100C2CB02B032500F0A00F0160F8B0F0340DA3990
:205E60007F4F0600580B8B6F1CF042F440C46D009307C2F8FF18E97F580B40C48BFF00403A
:205E80006D008A075808CEF63BD00240325F78083C033BB0024040C46D007E07580C54D098
:205EA000C22F42F0580C820110AF34F13BA00010580CC2FF370F68F0780C10AF58084B1F39
:205EC00001228B0303F034FF09A220094B12012289A26009DF02EEFF74D040A440C56D009B
:205EE0006A071D00E5003B50060049AF0A0ABE013B5004003E0E3B6006005F0F78003B60D6
:205F000004005F0F7400580A3FF80400FFDF6F0009A00A08580AAB1F20A076093B700610CA
:205F2000580B3E143B7004107E12C2F861FF4AD276063700684049AF0B0A3C033B00034002
:205F400040C46D00290714FFEE0B580DAE29768C3B500600580B3E043B5004007E0561FFAE
:205F60002BD26D001907820B3C1A09F00008F60A580DAE283B500610580B3E143B50041083
:205F80007E1D61FF1FD2760537006840B01F3C033B00034040C46D00FF06C21B3F8BE77FAC
:205FA00061FF10D2580B40C48FDF0F416D00F406C2FA54DFC21F0EA43BB002403C04325A98
:205FC0003BD0024074DF40C46D00E60661FFECD18B00034040C46D00DF0661FFE5D18B01E1
:205FE000034040C46D00D8063C6209AA28094EA854DFC21F61FFD3D16D00CE063C1954D0C5
:20600000C21074D014F47643B01F3C033B00034040C46D00C1063B600600580B3E063B6002
:2060200004003E03ABF81F88C2FAFF1AEA7F3B600600580B3E063B6004003E0314FF6E02E8
:20604000F684580D6F2F340061FFBCD1580A3BE00240325F3C0854D03B000340C21074D056
:20606000C2FFC2F840C46D009706768BFF1FF57F3C0861FFA7D104F440C46D008D06C2F832
:20608000768314FFEEF73B600600580B3E0E3B6004003E0B580D2E2B3C0854DFC21F61FF61
:2060A0007ED16D007906C2F8DF08F9FF580EA29F3C0A54D03B00024040C4C21074D06D00F7
:2060C0006B06C2FFFF1FF77F00902010404C405D89A68C09DA00780209D40008DF045002DF
:2060E000DA257E4409D001047E08B01D49A5080A40C46D0093033CF1820A0BAA108809DFB9
:2061000001003BD002007E048F1A40A13CF93BB002007E07BBF0FE0F26A08F8040A13CF024
:206120003B0002007E066F3AECFF8F0A41A13CE83B0003007E048F2A40A13CE23B30020086
:206140007E048F4A40A13CDC3BA00200FE03D803B04FF80309F83CF9CE848F1A40A132589C
:2061600009DF01003C0D13A820FF8B0F1D8009DF01008B0F1D0037006800BFA0F6FF3BE02E
:2061800002005F0F23808F0A42A109DF01003BA00200FE05D803B04FF80309F93CF9CE9637
:2061A0008F1A40F1BBF0FDAF26FA09DF01003C0D13A920FF8B0F1D9009DF01008B0F1D009A
:2061C00037006800BFA0F6FF3BC006007E048F0A48A13C1E3B8006007E048F0A44A13C1858
:2061E0003BC004007E048F0A50A13C123BA006007E04B71A81A43C0C3BA007007E04B71A70
:2062000001A53C063B400700FE01B71A81A53BC006003E043B8006007E0709D000087E0432
:20622000B71A01A6B01D09DF01003B3006005F0F2F808F1A00F1EE0E3C093B00024049A55C
:20624000080A40C46D00EA02C2F87F890400FF28F67FD80340C449A5080AB04FF80309F09B
:206260003CF9370048406D00D902DF0F377F3C093B00024049A5080A40C46D00CF02C2F880
:206280007F892C7FFF28F67F1DFF28FF3B400600BE013B9006003E0E3BF006003E0B3B80DA
:2062A00007003E083B8005003E053B5007005F0F598082023B4006003E043B9006007E021D
:2062C00082123B0008010F0A80105F0104006F9A05003B8000003C0282403B8000105F10D6
:2062E0000980D80349FF080AF80309F078F93C15D803B04FF80309F03CF90B0000080B0108
:2063000010483B0004010F0A80105F010D807628370448000B0000080B0110483C1337042D
:2063200068403C0F3B0004005F010B807626370450000B0000483C06370470403C02F62243
:2063400082056F5A0600BBD0FF0F260A3C0282190BFA106889A440090B8910481D00CB007E
:206360003B300700FE066F5A0680BBF0FF9F9BF9FF97D8030BA8104840C5029649A6080A61
:20638000B04FF80309F4BCF96D00CA061DFFA6FE3B600600BE063B600400BE033B500600FE
:2063A000BE003B5004003E0D3B7006003E0A3B7004003E073B1006003E043B1004007E0DEB
:2063C000D8038F0A0211AB698091B04FF80302F609F03CF974A03C2C3B200700FE086F6A34
:2063E0000800D803B04FF80309F03CFA3C06D803B04FF80309F03CF98F0A02F1EA69DA0093
:206400004BF051F174AF3B6006603C123B200500FE09D8038F0A02F1EA6949FF080AF80317
:2064200009F478F96DFF0ECE3B60066074A20B89104849A5080A02A740C46DFF2BFA1DFF49
:206440004DFE3B0007005F0F5D806F8A45006F0A0E80DA113C093B00024049A5080A40C46E
:206460006D00DC01C2F83F8FF8FFD803A03E49FF080A09FF3FF449A5080A370F684040C413
:206480006D001F05FCE73BA0034049A5080A40C46D00C401D803A03E49FF040A09FF3FF4EA
:2064A00049A5080A370F684040C46D000A05FCE7DA113C093B00024049A5080A40C46D006D
:2064C000AD01C2F83F8FF8FFD80349FF080AF8031DFF04FED8033B8000400245B04FF8032A
:2064E0008F2A407109F03CF9820189A040093B80076049A5080A40C46D00FE041DFFEEFD73
:206500003BE006005F0F37803B0008010F0A80F03E036F9A0E00D803B04FF80309FFBCF97E
:2065200009A00809820189F040091DFFD7FD3B000401260ADA407EAAD803B04FF80309FFDD
:20654000BCF95802B4FF1DFFC9FD5F0A0B80D803B04FF80309FFBCF9580234FF1DFFBEFDAD
:20656000D803B04FF80309FFBCF9580274FF1DFFB5FD910000F7DA1959FF005009A208090F
:2065800000908208405D028F2008821989AD8409404C406E74AF09DA0100DF0A3D01DA09E2
:2065A0003EA7DA203EA5DA25BEA21D00290140A540C46D00E30591100028D922408D012281
:2065C00000F6081F1605EEF41D00BE0009DA01005FAF16018BAA02B276B309DA0100820C39
:2065E0003C09370A680013AC20008B001DC009DA0100370A68F0911000F8D9FF408D10FF9C
:20660000081F6F5FF0FF8205DA4C5FAF2900DA68BEA3DA6ABEABDA6C3EA6DA74BEADDA7A2B
:20662000BEA83C2109D000087E043B0008513C093B0008503C1609D000087E053B00045182
:20664000B01D3C0F3B0004503C0C3B0020503C093B0040503C063B0080503C033B00105069
:2066600009DA0100DA415FAFAE00DA455FAFAB00DA465FAFA800DA475FAFA500DA525FAFA3
:20668000A400DA585FAF3300DA5B5FAF7000DA615FAF9900DA635FAF3E00DA645FAF290050
:2066A000DA655FAF9000DA665FAF8D00DA675FAF8A00DA69BEADDA6E5FAF9600DA6FBEA800
:2066C000DA70BEA2DA725FAF8000DA735FAF6200DA753EAEDA783EAC910000F7DA1959FF2F
:2066E00000501D0099008F0548513B8007A061FF46CE02A440A602C640C56D00C201DFF237
:206700005900DF0289008209DF0B47FFC2181DFF44FFAB1C80CCDF0B1F80B04E09EFBCF97B
:2067200040A540C46D002A05DFF20400C2188209C2FCDFF23F0024F240A540C46D001E053D
:20674000DF0CF8FF022440C46D00410354AFC2FF1DFF22FFC2FC40A540C46D000F05DFF282
:206760002900DF0CF9FF1DFF18FF89AD8409DA5E09D00008B71581567E02B01D14DF6E02AB
:20678000B01D09D000087605DA5DB01D5F0FFBFF76B3A0053C04B04E09E5BCF9025440C659
:2067A00002C540A709A484096D006002DFF20580ABF8BF290090DF022F00DF0B1280C2184B
:2067C0003C0F3B6006A061FFDACD02A440A602C640C56D005F00DF021F80AB18208B820988
:2067E0001DFFDBFEDF0BD9FE54AF0254B04E02F509E4BCF96D00C7041DFFCFFE40A540C4E9
:206800006D00BC04370A68F05F2FC77E022440C46D00DD020282009037046840545FC21FDE
:20682000745F1D00B902404F820809F0D00802896F201C80482FC81CCEF392193C12D4F232
:2068400001C22020802F8EFD09F4520840C402F56D0088023E2609FFD00882F89640ACF87A
:20686000F4FCDA006CF23C05483F1EF382F96839769E029509F4520882166D006702DFF2BA
:20688000078009FFD00882F89640ACF8028200900B451088911000E8026AD9EE408D820B8B
:2068A000404C405F406DB01E20103C0454D0C21074D040F46D006102022C01EC0026142F00
:2068C0001605EEF58BFC3FF254D042F074D082FF2BAF00FA74AF8BDC020289AD8409820A36
:2068E000F802F603DA2B7EC6020A40A46D00DB08022CDA30BEC5DA493EC9DA4E3EC6DA69C8
:206900003EC5DA6E5FCF2480821BDA00780340A449A50C0A0BAB10486D00D6083C1040A4F7
:206920006D00C108DA783E23DA587E2DDA00780340A449A50C0A02A46D001708022C09AB40
:206940000C093C7E40A402246D00051102C2820B821C3C0D8B021D1040A44B0141117B00EC
:206960001204820C6B0B61B16D009D0801E200F614FF6F5FF1FFDA2EFE28BBD0CCDC9BCD66
:20698000DCD302DE3C0A8B021DF04B0F41F1820C6BFE61BB4BDE41E040A46D00840801E2DF
:2069A00000F614FF6F5FF1FF76A367BBBFBFDF0C4480DA653E24DA455F2F3F8040A46D004A
:2069C0007208820A8BD20202F603DA2B7E25020A40A46D006808821C820D3C0F820CBBB071
:2069E000CC0C9BC0CC007F0D060013AD20F28B0F1DD040A46D00570801E200F614FF6F5F43
:206A0000EFFF8250911000F8D9FF58FD91100028D92270FDA054DA010F0F10F03FFD09008D
:206A2000A2FD76A354FF3C02542F4BFB41B0C2F0B0CFB0C2FC4140A402246D008C10DF0C75
:206A40001E80BD0C1C00DA727E8E6F69080082004B0B810189C0000A3C1182004B0B810127
:206A600074C03C0CDA527E8702B46DFFFBCA89C240093C04DA667E8274CB02C20090026A6F
:206A8000911000E8820BD9EE408D0B451088404F02BC405CABFA9FAA406DB01E40C440D5F9
:206AA0006D006C03022D01ED0026142F1605EEF754DF92FEDA2D7ED3821C3C03DA2B7ED722
:206AC00040C440D56D005A03022DC2FADA693E83DA78FE8CDA30FEDA8B9806F240C4ABF864
:206AE000A68F40D56D004A03022DABFA1FAADA783ED3DA587EDF40C440D56D003F03022D0C
:206B0000ABFA1FAA3B8007803C058B9806F2AB48A68FDA64BE87DA6F5F8F2B00DA75BE82CD
:206B2000DA785F8F45003C4B13AB20FD40C402B040D58B0F1DB00B0B50F1EAFB6D001E0372
:206B4000022D02AFC2FA6E3B01ED0026142F6F5FEDFF3C3502BF40C4063B40D542BD8B0DBC
:206B60001DB00BFB50F1EAFB6D000803022D02AFC2FA6E25DA303FFD2300DA377FDFEC7F32
:206B80003C1E02D46D00AF0FDA3940C47A2F40D53B90FC0FAB009DFF02B0422F064B42FBF7
:206BA0000B0B50F1EAFB6D00E902022D02AFC2FA6E0601ED0026142F16A0EEE402D440C478
:206BC0006D00050154DFC2FF74DF3B00FCF10FF98000DA643E83DF0C2D00BBF0FFFF9BFFF1
:206BE000FFF776C87FBF05807B0000B83C05325B3C030BFB90B1DA40BE003B0004F15F0FA1
:206C00002780DA7F7FBF040002FB3C213B00F8FF7FFB1E0002FB3C1B3BF0FFF77FBF040057
:206C200002FB3C153B0000F87FFB120002FB3C0FDA403E093B0004F17E0ADAFF7FBF088047
:206C400002FB3C05BBF0FFFF0BFB90B154DF3EE9BCF640F40B9B10486D00950282120090A0
:206C60008BFD1F2232520090025820088209F4A73B005307404C2B084088405D029A406E8C
:206C80006FD4100009C00008DA5E7E04029BB01C3C02821B40E4D4A56D007002022C3C0AE2
:206CA000822B40E4D4A56D006902022C61FF6ECBEEF9DFFC0C8082F440E46D008800D4AF8B
:206CC00082F254FFC2FF74FF0090C2F8DFFC3800DF2B0E8061FF5ACB6E2102C440E46D0059
:206CE0007600D4AF54FFC2FF74FF3C2940CF3C1914FF7EC3821A3C0509F00104DA5DFE01E6
:206D0000C6BA76ACDA0A3ECF02C440E46D005F00D4AF54FFC2FF74FF3C06BCD534DC3C03FE
:206D200014FFEEE7F6ACBCD2B01D8219768640E4D4A56D002302022CDF08C9FFBCD4769332
:206D4000DA0034DF0292009061FF14CBDA062CF42884289689F50A096DFF5FF5482200902E
:206D600061FF08CBDA052CF42884E83468456DFF54F548220090D44FBCF440F41D007D0D0F
:206D8000CC414C4280F07FF0058004F2EC41009082F20090D44FBCF440F41D00730DCC418C
:206DA0004C4280F07FF0068034F4CC41B01FEC410090404F405C3C06370F684040C46DFF54
:206DC000EBFF09FF0100EEF90090D44FBCF440F41D00940EDFF40500CC41B0FFEC41009032
:206DE0003704E82BB704894B8BF20F228B04002400903704E82BB704894B8BF20F228B04AB
:206E0000202400903BF00F00804F1603063F0FF0100082FFC6F0C2F4604F804FB70F02F005
:206E200060F2B014542F260F742F77000004FCF60090804F16033BF00F008F3F00100F10C5
:206E4000100082F1C610C2F4604F8041B7010220095101008F3F0030B0140F3110106022DA
:206E6000C21F542216032602A612742277000004FDF0ED7F0090404F0B4510A849FD160ACB
:206E8000026840FCDA0034DF820702860BAB10486DFFECC923820A0A0B2310A88BA060F203
:206EA000CA708B0003F089DF3FF48B0220F28B0300F5EEEB04DF24FFEEFE40C200900248B6
:206EC000404F8FC83F40405CDA090B4F2001DA37AB0F83F042F46DFFA1FC8FF8000140F41A
:206EE000DA0940C50B0F2011DA37AB0F834142041DFF94FC026E2020DA58404F0B4510A865
:206F0000405C027909AC600982085FEF7300DA643EEDDA693EEBDA6F5FEF6C00DA75BEE428
:206F2000DA785FEF67001D00ED00D2000B0C50F10B1D00F20BD190F2EE073BD002800BC051
:206F4000C0C00BD1D0D00BCD104840A43BA000606DFF93FFF6B6BA0C8B0D00F4DF0FDF809D
:206F600040A46D00A10D370268C0DF081180DA753EE88F890101DA087E043BB002803C0796
:206F80008F8901F18B0F01F2AB08A28F768CABFA1FAA8F3900F16E0740F4028440C56DFFAD
:206FA0003DFC82086F0914808F2900F18B0F20F2864F8B0F02F03C0740F402F440C56DFF6E
:206FC0002DFCC2FA7FAB04003FACF87F768E40F4028440C56DFF22FC3C08C2FB61FFC5C900
:206FE0006DFF1CFCABFA1FAA3FBCF97F1D008A008BFE268240A48F3820F08B8F00600BCD47
:2070000010486DFF3AFFDA78FEE314AF40A26E10092000088BF01BF0370F6810DA193F1F57
:2070200005808B0002F0342F092F0104EEF240A46D003A0D370268F078068B0C20F28B0DE6
:2070400000F5EE0AF6B6DF086A806F296800821BBBB0FFFF26F96F291B006F191300768E4F
:2070600061FF83C96DFFDAFBABFA1FAA40F402E440C56DFFD3FBABFA1FAABBB0FFFF26F966
:20708000DA6F7EE558063FBF0300921B6F29090076875806C22BC22F370F68F078066F09CA
:2070A00015808F2900F18B0F20F2864F8B0F02C03C0740F402C440C56DFFB0FBC2FA7FAB76
:2070C000050058063FAFF77F6F291900DF08170061FF4BC96DFFA2FBABFA1FAA40F402E435
:2070E00040C56DFF9BFBABFA1FAA3C08C2FB61FF3CC96DFF93FBABFA1FAA58063FBFF87F7A
:20710000BBF0F74F40A4BBF0FF6F40F5269440C602A59BF6FF671D00030000900248404F65
:20712000025F405C0269406D6D00BE0C022A6F0819803C083B00024040C440D56DFF6EFB18
:20714000C2FF3FFAF97F3FF9F77F3C0BC2F909F40100DF04110040C440D56DFF5FFB8AFFB3
:20716000DF09F6FF3C083B00024040C4C2FF40D56DFF54FBEEF90090545FC21F745F1DFFE2
:20718000FCFD6F940700820102508940400900903B0004F10FF480007E03344500906F6465
:2071A0000400B445009074450090910000F7D9FF0000D4F291300057D955C08701240046DB
:2071C000015420F4EE0891400057D955C088014530F4EE0482FF60F20090F4F400908F14D8
:2071E0001E2000900B4510886DFF05FEF62502946DFF01FE76246B092128009002846DFF75
:20720000F1FDDF021B007B00F8F74BF901F02E163BB0FD409B94F4433C4D7B00F8FF4BF9D4
:2072200001F01602BB40BE4C9B6401443BB0FD009B90FC036A043C3E3709E8FB8200BA0F94
:207240006E193708E8FBEE098F191EF03BB0FD209B9204246A8200904B0801F016043BB0B6
:20726000FD209B92FC233BB0FD009B90FC0B6A0200904B0901F06F0F2C003708E8FB6E16FA
:207280004B0801F02E2E3BB0FDF09B9F04F46788BF0F4B9051406DFFEFF16B02312F009072
:2072A0007B00F8FF4BF901F02E183BB0FD409B94044402851D0048014B9851406DFFDCF1A8
:2072C0003BB0FDF09B9F04FC6B0F212200904B0801F02E254B9851401DFFCEF16788BFFFBC
:2072E0004B9F51406DFFC8F16722BF2F00900248DF081100910000F7D9FF1C5009FF6C085D
:20730000EE09910000F7D9FF1C50DA006CF86D00CA08910000F7D9FF1C5089F82C0800901C
:20732000910000F7D9FF1C507BF03AF474FF910000F7D9FF1C507B801CF46CF1910000F7B9
:20734000D9FF1C507B0010F46CF2910000F7D9FF1C507B0017F46CF3910000F7D9FF1C508F
:207360007B000AF46CF4910000F7D9FF1C507B00F0F36CF5910000F7D9FF1C50DA006CF6A1
:20738000910000F7D9FF1C50DA006CF7910000F7D9FF1C50DA006CF8910000F7D9FF1C500E
:2073A000DA006CF9910000F7D9FF1C50DA006CFA910000F7D9FF1C50DA0089FF2C08009090
:2073C000910000F7D9FF1C506864910000F7D9FF1C5068750090910000F7D9FF1C5009FF08
:2073E0006C08EE116D00E708910000F7D9FF1C50DA006CF9910000F7D9FF1C50DA006CFAA7
:207400001D009000910000F7D9FF0C904898910000F7D9FF0C9048A9910000F7D9FF20A0D6
:2074200009F02209910000F7D9FF1C50486F6B0F31A0910000F7D9FF1C50BBA0700D9B30EB
:20744000BA0391000027D9221C504C286B0A61FF6CF8910000C7D9CC1C50910000F7D9FFDA
:207460001C5048847B00F05B7B00F0636D005B0089C22009910000F7D9FF1C5048809100DF
:2074800000F7D9FF1C504831910000F7D9FF1C504822910000F7D9FF1C5054F3910000F767
:2074A000D9FF1C50481F4B9F41F06B8361FF6B0261FF6BA161FF67FFBF0F910000F7D9FFEB
:2074C0001C50487F910000F7D9FF0C9048B16B01311F910000F7D9FF1C50484F4B1F41F0CA
:2074E0006B0F21107B0017244B2141106B0F31F07B0017044B0F4100910000F7D9FF1C50D6
:207500004B0131F16CF9910000F7D9FF1C504B0031F16CFA4B0131414B0031516D00CB072F
:2075200000904B6401F0370F61F16E0302623C0A4B5401F0370F61F06E0302523C030242F9
:207540003C010090B704812F8F151EF08FFF01F0A6F2009020186D003B0B6D00F20B6D00D8
:20756000000A3B4006406D00F41482146DFFC1FE6D003A0B3C496D008D01910000F7D9FF78
:2075800084A091000027D92284A0542FC21F74FF910000F7D9FF84A054F0DA144BF0110215
:2075A000F6136D007408910000F7D9FF0C90489F74AF910000F7D9FF1C5009FF6C08780112
:2075C000910000F7D9FF1C50489F7802910000F7D9FF1C5048AF7803910000F7D9FF1C5074
:2075E00054F0910000F7D9FF0C90489F4BF041F0780491100048D94444CD6D002B093B2069
:2076000003406D00A6143CB800906D00190B82046D0016106D00E80A3C013C0000908204E4
:20762000BB00205C9B150050820682076D00BB1F910000F7D9FF0C30DA0034FF910000473A
:20764000D9440C8082043B0004506D004A06009020101D000201910000F7D9FF0C3014FF20
:20766000EE440CA83B1004005F0F25003B400400BE083B500400BE023BB004005F0F24002D
:207680003B300500BE043B7005003E0E3B800500BE073B400600BE013C2582121D00E600FF
:2076A00082221D00E30082321D00E00082421D00DD0082521D00DA0082621D00D700827220
:2076C0001D00D400910000F7D9FF0C80B00FDA4B34FF910000F7D9FF0C30DA00C21F34FF2C
:2076E0003C023C011D00B90009A04808DA0A3E0D09A04808DA0D3E09910000F7D9FF0C304E
:2077000014F0DA3F3FF09200910000F7D9FF0C3014FF910000F7D9FF0C8010FFDA0034FFD4
:207720008208820089A00A09910000F7D9FF0C8014F0DA4B5F0F7280910000F7D9FF0C80A0
:207740000820DA3D5F0F6A8049AF0A0AF4AF91000047D9440C80B03491100058D9554CDD2E
:207760006D008F09910000F7D9FF0C80081F3B1003003E0B3B2003003E0B3B3003003E0BFC
:207780003B4003003E0B3C0D3B8000803C0B3B9000803C083BA000803C053BB000803C0283
:2077A0003C01DF083B00DA083E88DA093E8EDA0ABE84DA0BBE8A3C21910000F7D9FF1C5097
:2077C00009AF0A0974FF3C1A910000F7D9FF1C5009AF0A096CF13C12910000F7D9FF1C5007
:2077E00009AF0A096CF23C0A910000F7D9FF1C5009AF0A096CF33C023C01910000F7D9FF49
:207800000C80081F74AF09AF0A09780191100048D94450DD6D002B00910000F7D9FF0C30E7
:20782000DA0034FF02823C21910000F7D9FF0C3014FF910000F7D9FF0C8010FF0CA834FFC9
:20784000910000F7D9FF0C3091000027D9220C30142FC21F34FF820449A4080A6D005922D9
:20786000DF02FBFE82023C010090404549A6000A91000047D9440C603B0008406D0079098C
:20788000820491000047D9440C606D00E42500906DFFE0FEDA01BE23DA02BE2BDA035F2FC5
:2078A0002300DA045F2F2E00DA055F2F3900DA065F2F4200DA075F2F4B003C5482146DFF69
:2078C00018FD91100048D94460DD6DFFD0FF3C4B82046DFF0EFD91100048D94474DD6DFFCE
:2078E000C6FF3C41BBA099499B94E94382056DFF69FD91100048D94448ED6DFFB8FF3C3388
:20790000BBA099499B94E94B82056DFF5BFD91100048D94458ED6DFFAAFF3C2582047B00BA
:20792000F8536DFF4FFD91100048D94468ED6DFF9EFF3C1982047B00F85B6DFF43FD9110EA
:207940000048D94474ED6DFF92FF3C0D820482056DFF38FD91100048D94440DD6DFF87FF58
:207960003C023C010090821C911000E8820ED9EE408D024B200802CD74AE02E8404C02EAE9
:20798000405D3B700190B01E40C46D008C0001E200F614F08F000AF16E408201021C6F50CE
:2079A00007008B021D00370068203C058B921AF08FFF0021DF021900DF0D170082300B2066
:2079C000300186109A10325F0FF21010A60182100F10100037006800820DC60276888B316C
:2079E0000001A20E3C04F62276828241761F769E7F1907005A91325F0FF21020029154AF38
:207A0000A2190F1F00F0A6F274A27685DF0DBE7FA21E3CBB421E3CB9DA2E7E24F6838218F2
:207A20003CB454A80F980080DF0C2480DA703E23DA50FE2F820940C46D0035008BD2020210
:207A4000F603DA2B7E25020940C46D002C00821C3C0913AA20F240C4820C8B0F1DA06D00D5
:207A6000220001E200F614FF6F5FF5FF7692325A42EAABFA27AD0EA4DAFF7FAF05007B00C4
:207A8000F8F73C098FFB01F08F7A0100A6F0B70889FBA60F74DF40C402246D005C0802C28D
:207AA0000090404F54FF82F26E0DC8246DFF65F9DFF2090054FFC2FF74FFC81F54FFC21F33
:207AC00074FF00900259404C0248405D7696910000E8D9EE24003C05910000E8D9EE342090
:207AE00040C46DFFE0FF022A04EBDF0B1300911000F8D9FF408D01FA00F6081F2E3402A4C1
:207B00006D00E6075F2BEE7FF6948B9B06F2AA0B40C402A46D001F0876B382120090769422
:207B20007B00FCF73C0776847B00F8FF3C037B00F8F774DF820200906D00960E022891004C
:207B400000F7D9FF0C9049F4300A6D001001910000F7D9FF0C90DA006CF9910000F7D9FF2A
:207B60000C90DA006CFA910000F7D9FF0C90DA006CFB02823C0100906D00280E6D004D0E30
:207B8000910000F7D9FF0C9091000027D9223430942FACF3910000F7D9FF0C9091000027BC
:207BA000D9223830942FACF4910000F7D9FF0C9091000027D9223C30942FACF5910000F7F8
:207BC000D9FF0C9091000027D9220040942FB4FF910000F7D9FF0C9091000027D9220440D5
:207BE000942FACF1910000F7D9FF0C9091000027D9220840942FACF2910000F7D9FF0C90D1
:207C000091000027D9223430942F4B0F41F191000027D9220C4054204B0F51F06CF69100FD
:207C200000F7D9FF0C9091000027D9223830942F4B0F41F191000027D9220C4054204B0FA2
:207C400051F06CF7910000F7D9FF0C9091000027D9223C30942F4B0F41F191000027D92263
:207C60000C4054204B0F51F06CF891000027D9220C90910000F7D9FF004094FF4B0F410127
:207C8000910000F7D9FF0C40481F4BF051F06C2391000027D9220C90910000F7D9FF0440D3
:207CA00094FF4B0F4101910000F7D9FF0C40481F4BF051F06C2491000027D9220C90910096
:207CC00000F7D9FF084094FF4B0F4101910000F7D9FF0C40481F4BF051F06C25910000F7B6
:207CE000D9FF0C904864910000F7D9FF0C9048856DFF7AFA910000F7D9FF0C90484FBB501D
:207D0000A30F9BE0C8034B0F4180910000F7D9FF0C9091000027D9220C904924300ABBA003
:207D2000706D9B36BA630B2810486D003E006892910000F7D9FF0C9091000027D9220C90FD
:207D40004C2D6B0F31F86CFA910000F7D9FF0C9091000027D9220C904C25BB50A30F9BE0AD
:207D6000C8034B0F41F06CFB0090DA00744FDA006C417B00F8F36C42DA006C43DA006C446B
:207D80007B00F8F36C453BF026F19B3FA8F36C46BB60BAF99B4FB4F36C47BBF028FC9B5F88
:207DA000CFF36C4800904C416B0F31F554406BF661F0744F4C454BF641004C436B0F31003A
:207DC0004C446B0F31004C466B0F21004C426B0661FF6C424C43094014096B0671FF6C43A9
:207DE0004C44094014096B0671FF6C444C47094014096B6F61F06C454C42094020096B00BC
:207E0000210F4C424B0F51104C444B0F5130544F6B0F3104544F6B0161FF744F4C416B03FF
:207E200061FF6C410940080909420C094C426B0171FF6C424C436B2171FF6C434C446B032B
:207E400071FF6C444C456B2371FF6C4554423C0100900D00000282046D00F20B82046DFF6E
:207E600088C78270DA010F0F00F0892F28296D0012050D00400200800D00000282046D007A
:207E8000DF0B82046DFF75C7DA0982180FF80080892828290D00400200800D000002820460
:207EA0006D00CE0B82146DFF64C78278DA010F8F00F0892F28290D00400200800D00000205
:207EC00082046D00BD0B82146DFF53C7DA0982180FF80080892828290D00400200800D00E9
:207EE000000282046D00AC0B910000F7D9FF1440D4FF2D0F00000D00400200800D00000235
:207F000082046D009D0B910000F7D9FF1840D4FF2D0F00000D00400200800D00000282049B
:207F20006D008E0B82446DFFE7E5762B82446DFFD9E5910000F7D9FF1C40D4FF2D0F0000E1
:207F400082046DFFD9E5762482046DFFCBE50D00400200800D00000282046D00710B821452
:207F60006DFFCAE5762482146DFFBCE582546DFFC3E5762482546DFFB5E50D00400200807A
:207F80000D00000282046D005B0B82246DFFB4E5762482246DFFA6E582646DFFADE5762419
:207FA00082646DFF9FE50D00400200800D00000282046D00450B82346DFF9EE5762B8234CE
:207FC0006DFF90E5910000F7D9FF2040D4FF2D0F000082746DFF90E5762482746DFF82E5B7
:207FE0000D00400200800D00000282046D00280B91000047D94460606DFF49C60D004002FE
:2080000000800D00000282046D001A0B6D00C2060D00400200800D00000282046D00100B98
:208020000D00400200800D00000282046D00080B91000047D9444C806DFF29C60D004002F1
:2080400000800D00000282046D00FA0A91000047D94478906DFF1BC60D00400200800D0074
:20806000000282046D00EC0A91000047D94464B06DFF0DC60D00400200800D000002820469
:208080006D00DE0A91000047D94450D06DFFFFC50D00400200800D00000282046D00D00A9B
:2080A000910000F7D9FF2440D4FF2D0F00000D00400200800D00000282046D00C10A9100C0
:2080C0000047D9447CE06DFFE2C50D00400200800D00000282046D00B30A6D00B50A6D00A6
:2080E00012030D00400200800D00000282046D00A70A91000047D944A8006DFFC8C50D0046
:20810000400200800D00000282046D00990A91000047D94494206DFFBAC50D004002008095
:208120000D00000282046D008B0A91000047D94480406DFFACC50D00400200800D00000238
:2081400082046D007D0A91000047D944AC506DFF9EC50D00400200800D00000282046D0014
:208160006F0A91000047D94498706DFF90C50D0040020080C234B70402F06E659249DF09C0
:208180006300910000F7D9FF185054FFEE1582046DFF0DF8802F325F160392446DFF07F8CD
:2081A0008020DFF051001022F4F291000047B542145082007420D4FC820A3C0310CCB0FC7B
:2081C00054CF6E036F0FFCFFF4FC3C1DB70801F010CF6F08188054FFEE1182046DFFE7F789
:2081E00049F4040A7D420F80325802846DFFDFF7802F1EF874CA82083C0CAE0442F874C897
:2082000040CF40FC54C876856F08E2FF3F98E0FFDF082680BF19180002946DFFC8F7802F01
:208220009EF249CF040A01F220F4EE0D012F30F4EE12802F325F1603102F92446DFFB7F7AA
:20824000802F5EF3A002009001CF2020802F960174CF40FC01C900F674FA3C0A9A493FF889
:20826000078001C900F6A29874F83C0202898F1940F174CF49C2040A0090DF043000404FE1
:20828000BF842780804F8F3F000180518F3100115F101F802E06C2F4045F344F494F010A33
:2082A00080FF2E16045F24FFC2E4045F24FF8F7400018FD41FF06E0B02F14052C2F16016AC
:2082C0000922480189F24801FC6CD05502047646C2F46042045F24FFFC2E40420090404F6E
:2082E000BF852380804F2E05C2F53444494F010A80FF2E1424F4C2E524F48F7500F106D55B
:20830000DF051200D200764A370468008F802010A6108F002110A6100201C2F5605289F0E2
:208320004801FC2E02F57655C2F5605224F4FC2F40420090024F370FE81B8F1F1E00DAFF0B
:208340007E17024F7444B70F89FB6E123C0B8FF00150DA7F7FF10900DA00B70F81FFA65FA7
:20836000744F02420090DA963FF10A007444DA00B70F81FF8FF00120A6F20090B704890BCD
:208380008F71012082F38B6109110F1300302630B700890BA652A60274426B0231F4B70FA0
:2083A000812FA65200907F46040002623C077F54040002523C0302423C01009082343B00A9
:2083C00080509B7500503B5001603BE000706D00EA18823482156D00C41C910000F7D9FF8D
:2083E00020A049F4120A820482756DFF7AFF91000047D94420A0B044820482756DFF71FF00
:20840000910000F7D9FF20A0DA002CFB910000F7D9FF20A0DA002CFC910000F7D9FF20A0F9
:20842000DA00ACF8910000F7D9FF20A0DA00ACF78234825582666D00930E824482658276F9
:208440006D008E0E820482056D0035006D001F01910000F7D9FF20A0DA00B4FF910000F7A2
:20846000D9FF20A0DA00ACF1910000F7D9FF20A0DA0089FF1A09910000F7D9FF20A0DA004E
:2084800089FF1E09910000F7D9FF20A0DA0089FF2209910000F7D9FF20A0DA0089FF2609CF
:2084A0000090910000F7D9FF20A0DA0089FF26090090025F8E448B840C403C04CE438B84FD
:2084C00013408EF48B8F0CF03C04CEF38B8F13F03B80CD5D3B8032626DFF67FF02283B80A8
:2084E000CD5D3B80326202F46DFF5FFF910000F7D9FF20A0DAA589FF1208910000F7D9FFA2
:2085000020A0DA0189FF1308910000F7D9FF20A0370870F0BB00F00F260F868F89FF1408B6
:20852000910000F7D9FF20A0370870F016FF89FF1508910000F7D9FF20A0370270F0BB004E
:20854000F00F260F868F89FF1608910000F7D9FF20A0370270F016FF89FF1708910000F72F
:20856000D9FF20A0DA0089FF1808DA003C16910000F7D9FF20A091000027D92220A00920F9
:20858000580891000027D92220A0102209215208421089F01808C21FBF6FEB7F82349100A7
:2085A00000F7D9FF20A049F4120A82756D003E1F0090820482056DFF7EFF00909100002744
:2085C000D92220A0910000F7D9FF20A0887FB42F910000F7D9FF20A091000027D92220A043
:2085E0008C28ACF1BB80140E9BA0D203910000F7D9FF20A091000027D92220A0942F4B0F0D
:2086000041F14B0F41F089FF1A0991000027D92220A0910000F7D9FF20A0888F4B0F41F1BC
:208620004B0F41F0892F1E09910000F7D9FF20A091000027D92220A0092F1A09910000272A
:20864000D92220A009201E096B0021FF7B00F0034B0F41F089FF2209910000F7D9FF20A0B8
:2086600091000027D92220A0092F2209BBA0700D9B30BA0391000027D92220A009212609F8
:208680006B0F61F189FF26090090910000F7D9FF20A0DAA589FF1208910000F7D9FF20A066
:2086A000DA0289FF1308910000F7D9FF20A0DA0089FF1408910000F7D9FF20A0DA0089FF1B
:2086C0001508910000F7D9FF20A0DA0089FF1608910000F7D9FF20A0DA0089FF17089100AB
:2086E00000F7D9FF20A0DAA789FF18088234910000F7D9FF20A049F4120A82756D00961E7B
:2087000000902008823449A4000A6D00021BDF02A00014A0DAA57E0F910000F7D9FF20A009
:20872000084F3B500A003E07910000F7D9FF20A0DA002CFB910000F7D9FF20A008BF91006F
:2087400000F7D9FF20A010FF14AF2CF4910000F7D9FF20A091000027D92220A00C2BC21FED
:208760002CFB910000F7D9FF20A008BFBF7F7180910000F7D9FF20A0084F3B500A005F0F42
:208780005980910000F7D9FF20A0DA002CFC82003C1591000027D92220A0910000F7D9FF38
:2087A00020A008C1910000F7D9FF20A001F000F6084F42F189210C08C210BF60EC7F9100F4
:2087C00000F7D9FF20A008CF910000F7D9FF20A008A05F0F2F80910000F7D9FF20A0085FC7
:2087E000DF2F288091000027D92220A0910000F7D9FF20A0086F8F8F2000910000F7D9FF1B
:2088000020A0087FA6F089208E0891000027D92220A0910000F7D9FF20A0088F8F8F2000D4
:20882000910000F7D9FF20A0089FA6F089209008910000F7D9FF20A0DA002CFB91000047A1
:20884000D94420A0B044820482756DFF4AFD009020104045910000F7D9FF040049F2140A15
:20886000F4A249A6100A40A46DFF31EC09FFE4081640AAF2009082046D005E1A3C0100903E
:20888000024F8204370F68506D00DA1D02F23C0100902020910000F7D9FF10309100002746
:2088A000D9221030542FC21F74FF6DFF67F96DFF87FE6DFF92F5910000F7D9FF103054FF03
:2088C00082404B0F1102DF014B80910000F7D9FF0C90489F3B60EE029B5026044B0F41F0B0
:2088E00074AF910000F7D9FF0C9048AF3B60EE029B5026044B0F41F07801910000F7D9FF5E
:208900000C9048BF3B60EE029B5026044B0F41F07802910000F7D9FF0C90486F7803910050
:2089200000F7D9FF0C90488F7804910000F7D9FF20A009FF22097805910000F7D9FF1C50DD
:20894000489F7806910000F7D9FF1C5048AF780791100048D944902D6DFF7CFF009020080E
:208960006DFF5FF691100048D944B02D6DFF72FF91100048D944943D6DFF6CFFDA0074AFCB
:2089800091100048D944AC3D6DFF64FF91100048D944884D6DFF5EFF91100048D944A84D7A
:2089A0006DFF58FF6DFFCAF8762974A291100048D944BC4D6DFF4EFF3C0791100048D94400
:2089C000A05D6DFF47FF91100048D944B05D6DFF41FF6DFFF5FC91100048D94474FD6DFFE9
:2089E00039FF91100048D944880D6DFF33FF6DFF99F491100048D944A80D6DFF2BFF3B8001
:208A000038F174AF91100048D9449C1D6DFF22FF82043B8038516D004C0D91100048D94428
:208A2000B41D6DFF17FF910000F7D9FF1030DA0074FF00906F770C006F0505808FF707F1FD
:208A40006E06C215EF850400C21606F5B70589FB8F7601008F840120A60FA6F200902010F9
:208A600049A6100AA00FF4AF89A4840982FF780240A46DFF2CEBD801DA0034FF00902010D9
:208A8000404F405C49AD100AA002F4A2F80140F46D000A0001F200F6F80240A440C540D6DD
:208AA0001DFF71ED404F044FEEFF01F420F080F2C2F200903C08C2F4044F04506E023E0360
:208AC00052020090DF04F9FF82020090911000F8D9FF408D01F400F6081F1608AB04022F75
:208AE0000090911000F8D9FF408D01F400F6081F1610AB041E2F00900248404FDFF81B0019
:208B000009FFD0086F0F17002E27483FDEF3370868F06CF33C17482F0EF96DFF86EED4F2C6
:208B2000483F1022F4F282FF6CF2D4F2C8147D42048082F20090C2FF6CF2D4F2B0F2F4F261
:208B4000342809FFD008BBF0FD0F260FACF802820090DFF40D00544FC21F744FCC4154FFAE
:208B6000C2FF74FF094488091DFF31F100902010404C024FA00FF4AF89AC8409BCC410CF95
:208B8000B0FF3C02A00FF80240A46DFFA0EABCC56E04D801DA0034FF00903B00D0269B929E
:208BA00012246B4461224B4441F0BBE0F408BB50061D9BA014049BB10C146B1F61106BF2B1
:208BC00061F04BF151F04B4F412000906D0028056D0036006D003F006D00460982046D00A4
:208BE0002F0500904DC0E1FF16073C016E083C01910000F7D9FF2CD014FF6EFB4DC0E1FFF2
:208C000016073C01910000F7D9FF2CD010FFDA0134FF8218DA003C0B910000F7D9FF2CD06A
:208C200010FF14F0E20837086880C21FBF4FF6FF82146D008E09DF08EE7F00906DFF6AE0F8
:208C400002246DFFBEDF6DFF79E002246DFFFDDF0090910000F7D9FF30D06DFF45D96822AE
:208C60004DC0E1FF8F7F00413C01910000F7D9FF30D06DFF62D86812910000F7D9FF30D09B
:208C80006DFFCDD974F2C5FF0001BCF182046DFF95D9913000FF39FF3006160F4B0F41F1AB
:208CA0004BF251F03C013C01910000F7D9FF30D06CF30090404F0258F64791000027D92294
:208CC0001830142FEE023C1F91000027D9221430142F6E033C013C0091000027D9221430A3
:208CE000DA00C21F342F6D008F043C0C91100048D944AC7DA00640F502846D0075006D002F
:208D000004003CF500902008DA0074AFDA007801DA0074AF3C0FDA0078013C045801C21F01
:208D2000780158013BF0FF017FF0FAFF54AFC21F74AF54AF3BF0FF007FF0EFFF0090201875
:208D400049A4000A6D003102911000F8D9FF0C79F80249A4000A6D00EC018204BB00205C7E
:208D60009B150050820682076D001D1491000047D94418F0820491000057D95514E03B007C
:208D800004506D008002820482156D00EA170090910000F7D9FF1C3014FF6E13820491001E
:208DA0000047D94414F06D00B41791000047D94418F091000057D95514F082146D0059039D
:208DC0000090404676423C0E910000F7D9FF1C3014FF6E0891100048D944BC7D02546D0044
:208DE00003000090D9AAE86F404C405D0248406E820089A08C08DA00ACA7DA007804DA0049
:208E0000ACAADA00ACAB40D46DFF4EFE89A2100991000027D92200E0092FC0086E08910021
:208E200000F7D9FF00E0C84F2D0F0000910000F7D9FF1C3014F0DF007B01910000F7D9FFC5
:208E400000E009FFC008DF0F3F0109A096088CABC21FACAB910000F7D9FF00E0C83F8204B1
:208E60003700705040C42D0F000040D46DFF1CFE89A21009910000F7D9FF00E009F0C208DA
:208E8000910000F7D9FF00E0086F4BF0010289A094083C0109DF0008B01DEEFDDA00ACA706
:208EA0003C11B0FD09D00008DA2F3E0509D00008DA5C7E0509AFCE08C21FACA75804C2FF12
:208EC000780409AFCE08FF2F05805804FF0FEB7F58040EFCB01DF4AD49A4180A9110005825
:208EE000D955906D6DFFBDFD3C1709AFCE08EE0BF4AD49A4180A91100058D9559C6D6DFFFB
:208F0000B0FD3C0AF4AD49A4180A91100058D955906D6DFFA6FDDA00ACA63C4CDA00ACA79A
:208F20003C2349A4180A6DFFBFFD09A0CC088CAA09A1CE0803F00AF17FF203803C1A09AF78
:208F4000CE0810AF49FF184A09A0CC088CAA09A1CE0803F00AF110A2092F180834FF09AFBC
:208F6000CE08C21FACA709A0CE088CAA3FF0DB7F09AFCE0810AF49FF184ADA0034FF910014
:208F800000F7D9FF00E008708CABE2F08CABC21FACAB910000F7D9FF00E0C83F820437002E
:208FA000705049A4184A2D0F000009AFCC08C21FACA609A9CC0849A4180A6DFF75FD8CAAFE
:208FC0004BF211029A103FF9ABFF74A849A4180A91100058D955AC6D6DFF43FD910000F716
:208FE000D9FF00E0087F09A09608E2F08CABC21FACAB910000F7D9FF00E0C83F82043700A6
:20900000705049A4180A2D0F0000A00F7DEF5B00DA00ACA63C4CDA00ACA73C2240E46DFF00
:2090200043FD09A0CC088CAA09A1CE0803F00AF17FF203803C1A09AFCE0810AF49FF184A8E
:2090400009A0CC088CAA09A1CE0803F00AF110E2092F000834FF09AFCE08C21FACA709A01F
:20906000CE088CAA3FF0DC7F09AFCE0810AF49FF184ADA0034FF910000F7D9FF00E0087F8F
:2090800009A09608E2F08CABC21FACAB910000F7D9FF00E0C83F82043700705049A4184A35
:2090A0002D0F000009AFCC08C21FACA609A8CC0840E46DFFF9FC8CAA4BF211029A103FF844
:2090C000ACFF3C3549A4185A82043B0010506DFF08F9910000F7D9FF00E0C82F40C42D0F10
:2090E0000000A00F7DEF1000F4AD89A8040989AE880949A4185A91100058D955B86D6DFF87
:20910000B0FC3C0CF4AD89A8040949A4185A91100058D955947D6DFFA4FC910000F7D9FF79
:2091200000E0C82F49A4185A2D0F00000090910000F7D9FF00E0094FC008B4FF910000F792
:20914000D9FF00E0094FC208ACF1910000F7D9FF00E0094FC408ACF2910000F7D9FF00E056
:209160000C462CF6910000F7D9FF00E00C472CF7910000F7D9FF00E009428809E82291000E
:2091800000F7D9FF00E009428C09E83291000027D92200E0CC44EC24910000F7D9FF1C30C7
:2091A000DA0134FF0090DA00B44FBBF0FFFFAC41BBF0FFFFAC42DAFF2C46DAFF2C47A00FC1
:2091C000EC42A00FEC43A00FEC44009082046D0042190090404FA00201F2104491100048D5
:2091E000D944888D3B5005506DFF66FD820814FF960134FFDA006CF2DA006CF3485F6CF4AF
:20920000081F82003E0682103E0A8220BE003C17C814820448556DFF64F83C11C81482045E
:20922000485F532F20506DFF5CF83C09C8148204485F534F20506DFF54F83C01DA0034FF73
:2092400002823C0100904C43424F6C433C064C4309401409A20F6C434C4509400C097FF0F9
:20926000F8FF00904C42424F6C423C064C4209401409A20F6C424C45094008097FF0F8FFB4
:209280000090404F024F405C0258A00201F2104491100048D944888D3B2022506DFF0CFD22
:2092A0008202E81C820034F02CF1DA006CF2DA006CF3684868583C010090404F405C406DDD
:2092C0000249A00201F2104491100048D944888D3B1016506DFFF0FCA00201D210449110CC
:2092E0000048D944888D3B2016506DFFE5FC82088200A0027DC2058082381D00900014FFFA
:2093000016036E0574D082681D009F0040F46D009F0054D07F020B8074D28278F62714FFF7
:20932000B70F81F134FF1D00900014FF960834FF485F4830520A54D03F0A2B80081F8200F5
:209340003E0682103E0C8220BE063C21C812483F102554D440C46DFF92F73C19C812483FBD
:20936000532F20F0102554DF532F204040C46DFF86F73C0DC812483F534F20F0102554DF60
:20938000534F204040C46DFF7AF73C013C43081F82003E078210BE0482205F0F27003C3A3F
:2093A000C812483F102540C402A46DFF68F701CA0046C81554D4A2A46DFF61F73C2BC81241
:2093C000483F532F20F01025532A204040C46DFF56F7532A20F010C4C81554DFA2AF532F61
:2093E00020406DFF4CF73C16C812483F534F20F01025534A204040C46DFF41F7534A20F072
:2094000010C4C81554DFA2AF534F20406DFF37F73C0114FFB70F81F134FFDF09168014F03E
:20942000DA0B7E0382283C1014FF960234FF54D440F46DFF0AFF484F54D0420F6CF414FFA2
:20944000B70F81F034FF02823C010090404FA002012F104491100048D944888D3B6007508F
:209460006DFF2AFC485F484052023C010090404F405C0248A00201F2104491100048D944A6
:20948000888D3B000B506DFF17FC8209A0027DC2058082391D00B50014FF16056E048249B9
:2094A0001D00AF0014FF960434FF484F3F8FA480485F4820520A7F8A69800810DA003E08E2
:2094C00082115F012000DA025F0F3E003C5DC812482F102440C502A46DFFD1F640F402A41B
:2094E0006DFFC2FEC812482F102401CA00560BA880406DFFC4F60BA8804040F46DFFB4FE3C
:209500003C43C812482F532F20F01024532A204040C56DFFB4F640F402A46DFFA5FEC812FA
:20952000482F532F20F01024532A20F010C55AA8532F20406DFFA3F60BA8804040F46DFF90
:2095400093FE3C22C812482F534F20F01024534A204040C56DFF93F640F402A46DFF84FE26
:20956000C812482F534F20F01024534A20F010C55AA8534F20406DFF82F60BA8804040F4A3
:209580006DFF72FE3C013C33081F82003E068210BE008220BE0D3C2BC812482F102440C5A8
:2095A00002846DFF6CF640F402846DFF5DFE3C1FC812482F532F20F010245328204040C584
:2095C0006DFF5DF640F402846DFF4EFE3C10C812482F534F20F010245348204040C56DFF6B
:2095E0004EF640F402846DFF3FFE3C01484FA28F6CF43C02825914FFB70F01F134FF0292B4
:209600003C0100906D000C006D0044076D000C086D00730682046D00130000904DC0E2FF61
:20962000370FE1F78B0F20F23C010D00400300003C013C018B0F00223C010090F6430D008A
:20964000000300902010DA0089AF0609910000F7D9FF2C3014FFDF0FB8003C0A9100004793
:20966000D94430F049A50A0A82146DFF02FF823449A40A0A6D004D13DF02F2FF0CAA3BA0C1
:2096800000005F0FA280DA0689AF060991000047D94430F049A5000A49A6060A82146DFF05
:2096A0000EFE49A4030A91100058D955B08F82346DFF02FADF022480910000F7D9FF2830E3
:2096C00014FF9E2C910000F7D9FF2830DA0134FF91000047D94430F06DFFBAFE89A2060974
:2096E00091000047D94430F091000057D955482049A6060A82046DFFE2FD3C5A49A4030A77
:2097000091100058D955B48F82346DFFD5F9DF022480910000F7D9FF243014FF9E2C910048
:2097200000F7D9FF2430DA0134FF91000047D94430F06DFF8DFE89A2060991000047D944BD
:2097400030F091000057D955480049A6060A82046DFFB5FD3C2D49A4030A91100058D9555E
:20976000B88F82346DFFA8F9DF022380910000F7D9FF303014FF9E2C910000F7D9FF3030FE
:20978000DA0134FF91000047D94430F06DFF60FE89A2060991000047D94430F091000057A5
:2097A000D955484049A6060A82046DFF88FD91000047D94430F06DFF0FFD910000F7D9FF90
:2097C0002030DA0134FF009020083BC0004049A4000A82656D00BB01910000F7D9FF34306D
:2097E0000CA18F8F20F014A0A60FB4FF910000F7D9FF38300CA38F8F20000CA2A6F0B4F0D5
:20980000910000F7D9FF3C300CA58F8F20000CA4A6F0B4F0009020083B20014049A4000A58
:2098200082656D009401910000F7D9FF00400CA18F8F20F014A0A60FB4FF910000F7D9FF48
:2098400004400CA38F8F20000CA2A6F0B4F0910000F7D9FF08400CA58F8F20000CA4A6F012
:20986000B4F00090201082083B4001406D0071038270B4A0DA0CACA23BB01AF0ACA4820418
:209880008205BB0068699B86096082076D0013073BD028408215821682376D00B805820410
:2098A0006D0021016D009001DF021200820491100048D944BC8F91100058D955989F3B7048
:2098C0000E506DFF80FA82181D000A013BC0074082056D00910182146D003B033B90054069
:2098E00082056D0089013BE0054091100048D944B08D3B0000526D00AD013B9005408215F8
:209900006D007A013B4001406D0023033B1002406D00E900DF121200820491100048D9449E
:2099200084AF91100058D955989F3B700F506DFF4AFA82181D00D4003BD007403BE0005094
:209940006D005A013B0004403B700A506D0054013B2004403B900A506D004E018220DA00FD
:20996000BE0A82115F01250082215F012F00DA035F0F39003C01820491100048D9449CAF3D
:2099800091100058D955989F3B8010506DFF1BFA82183C353B10044082056D002D01910080
:2099A00000F7D9FF0C407B0068F474FF3C283B10044082156D002001910000F7D9FF0C407E
:2099C0007B0060F474FF3C1B3B10044082256D001301910000F7D9FF0C407B0058F474FF51
:2099E0003C0E3B10044082356D000601910000F7D9FF0C407B0050F474FF3C01DF180380CE
:209A00003C6E8240DA00BE0DDA015F0F2A00DA025F0F3600DA035F0F4200DA045F0F4E001B
:209A20003C01820491100048D94484BF91100058D955989F3BF012506DFFC5F982183C4CE3
:209A40003B30044082456D00D700910000F7D9FF0C403B3033F39B3F38F46CF13C3D3B30C8
:209A6000044082356D00C800910000F7D9FF0C403B3033F39B3F30F46CF13C2E3B30044005
:209A800082256D00B900910000F7D9FF0C403B3033F39B3F28F46CF13C1F3B3004408215C8
:209AA0006D00AA00910000F7D9FF0C403B3033F39B3F20F46CF13C103B30044082056D0018
:209AC0009B00910000F7D9FF0C403B3033F39B3F18F46CF13C01DF1803803C0102823C01B6
:209AE000009020080248DA006E0A3BD028406D001404B0423B0000F2742F3C093BD02840A0
:209B00006D000B04B0427B0000F2742F82048F08485149A4000A82266D00130CDA016E0A93
:209B20003BD028406D00F903B0423B0000F2742F3C093BD028406D00F003B0427B0000F210
:209B4000742F09A241083C01009020080248404C0259DA006E0A3BD028406D00DE03B04243
:209B60003B0000F2742F3C093BD028406D00D503B0427B0000F2742F82048F08485149A473
:209B8000000A8B1900606D00DC0BDA016E0A3BD028406D00C203B0423B0000F2742F3C0964
:209BA0003BD028406D00B903B0427B0000F2742FDA003C0610AF081034C0B01CC21FBF6F45
:209BC000FBFF0090820982080280C21837087080DAFF7F0F048082193C0B82046DFF83FF1A
:209BE000022A82146D00B501DA245FAFEFFF02923C0100900B451088DA006E0A3BD0284078
:209C00006D008B03B0423B0000F2742F3C093BD028406D008203B0427B0000F2742F820455
:209C2000028502966D00DB0BDA016E0A3BD028406D007303B0423B0000F2742F3C093BD0F7
:209C400028406D006A03B0427B0000F2742F00900248404F0259DA006E0A3BD028406D00CA
:209C60005C03B0423B0000F2742F3C093BD028406D005303B0427B0000F2742F8204028539
:209C800040F402966D00E80BDA016E0A3BD028406D004303B0423B0000F2742F3C093BD00D
:209CA00028406D003A03B0427B0000F2742F009000900D00000282046DFFC2FCC5F40001F7
:209CC00082046DFF9CD8910000F7D9FF2840DA0034FF0D00400200800D00000282046DFF79
:209CE000AFFCC5F4004182046DFF89D8910000F7D9FF2C40DA0034FF0D00400200800D00B7
:209D0000000282046DFF9CFCC5F4008182046DFF76D8910000F7D9FF3040DA0034FF0D0053
:209D2000400200800D00000282046DFF89FCC5F400C182046DFF63D8910000F7D9FF344060
:209D4000DA0034FF0D004002008002484DC0E1FF16073C01370F48404DC0E20F3700E107AB
:209D60008B0020F23C013C01EE0D6DFF66D8092010093C013C014C243C01A20F3F8FFDFF43
:209D80003C7182FF5F4F6E00DA003E4BDA015F4F2100DA025F4F3600DA035F4F4B003C6238
:209DA000910000F7D9FF2840DA0134FF6DFF38FC85FF100142F8A5F8300102246DFF40FCC2
:209DC0003C01910000F7D9FF284014FFEEFB3C4A910000F7D9FF2C40DA0134FF6DFF20FC9A
:209DE00085FF1041428FA5FF304102246DFF28FC3C01910000F7D9FF2C4014FFEEFB3C327F
:209E0000910000F7D9FF3040DA0134FF6DFF08FC85FF1081428FA5FF308102246DFF10FC1B
:209E20003C01910000F7D9FF304014FFEEFB3C1A910000F7D9FF3440DA0134FF6DFFF0FB8A
:209E400085FF10C1428FA5FF30C102246DFFF8FB3C01910000F7D9FF344014FFEEFB3C0277
:209E60003C01009020104DC0E2FF370FE1F78B0F20823C010D00400300003C013C01820014
:209E800034A0DA002CA2DA1F2CA3DA002CA1DA017801DADCACA4DA002CAAC5F4000149A525
:209EA000000A6DFFF5D7C5F4000182046DFFA7D7DA0034AFDA002CA2DA1F2CA3DA002CA162
:209EC000DA017801DADDACA4DA022CAAC5F4004149A5000A6DFFDCD7C5F4004182046DFF78
:209EE0008ED7DA0034AFDA002CA2DA1F2CA3DA002CA1DA017801DADEACA4DA032CAAC5F461
:209F0000008149A5000A6DFFC3D7C5F4008182046DFF75D7DA0034AFDA002CA2DA1F2CA31D
:209F2000DA002CA1DA017801DADFACA4DA042CAAC5F400C149A5000A6DFFAAD7C5F400C190
:209F400082046DFF5CD776830D0000030090024FBB00C4097FF017803C0A3B0080429BB4D2
:209F6000E64E6DFFF4FEBB00C409A20FBB00C4093FF0F5FF3B50C3400654E2F46DFFE7FE5C
:209F80003C073B50C3400654E2F46DFFE0FE0090026F82005F40100082105F403A00822037
:209FA0005F40570082305F407A0082405F40A4001D00C900F656911000F8D9FFB4CC3C116B
:209FC000DF150780911000F8D9FF88DC3C0A820491100048D944ACBF3BE003506DFF6CF6B8
:209FE000EE06911000C8D9CC8CCC3C105E16911000C8D9CCA0CC3C0A820491100048D944FB
:20A00000ACBF3B2004506DFF57F61D009C00DF250780911000F8D9FFB0DC3C0A82049110BF
:20A020000048D944ACBF3B8004506DFF45F65E26911000C8D9CC9CDC3C0A820491100048DB
:20A04000D944ACBF3BB004506DFF36F63C7BDF350780911000F8D9FFACEC3C0A82049110D9
:20A060000048D944ACBF3B1005506DFF25F65E36911000C8D9CC84EC3C105E46911000C87E
:20A08000D9CC98EC3C0A820491100048D944ACBF3B5005506DFF10F63C55DF45078091102B
:20A0A00000F8D9FFA8FC3C11DF550780911000F8D9FFBCFC3C0A820491100048D944ACBFBE
:20A0C0003BC005506DFFF8F55E56911000C8D9CC80FC3C105E66911000C8D9CC94FC3C0AA5
:20A0E000820491100048D944ACBF3B0006506DFFE3F53C28DF650780911000F8D9FFE40C04
:20A100003C11DF750780911000F8D9FFF80C3C0A820491100048D944ACBF3B7006506DFFF8
:20A12000CBF55E76911000C8D9CCD00C3C0A820491100048D944ACBF3BA006506DFFBCF516
:20A140003C013B000140820540F46DFF18BB3B000140820540C46DFFCABA0090024F0B5613
:20A160001088C5F480016DFFB3BA821005F195053701820125F09501820005F1A105370156
:20A18000820125F0A1010BF8104802966DFF02FF82003E0F82105F0F2A0082205F0F4400D8
:20A1A00082305F0F5E0082405F0F78001D009300823005F190053701030025F09001821019
:20A1C00005F191053701010025F09101827005F190053701830125F09001821005F1900517
:20A1E0003701010325F090013C75823005F194053701030025F09401821005F1950537014C
:20A20000010025F09501827005F194053701830125F09401821005F194053701010325F039
:20A2200094013C58823005F198053701030025F09801821005F199053701010025F09901B9
:20A24000827005F198053701830125F09801821005F198053701010325F098013C3B8210F7
:20A2600005F19C053701030025F09C01821005F19D053701010025F09D01821005F19C051B
:20A280003701830125F09C01821005F19C053701010325F09C013C1E821005F1A00537017A
:20A2A000030025F0A001821005F1A1053701010025F0A101821005F1A0053701830125F0C9
:20A2C000A001821005F1A0053701010325F0A0013C01FF3F0A80910000F7D9FF384010FFD2
:20A2E000DA0034FF3C08910000F7D9FF384010FFDA0134FF0090DA003C0C534F2000600F35
:20A300009140003F30F3D93F8028820074F0C21FBF4FF57F0090BB00FEFF26F4DA005F4F17
:20A320003200DA405F4F34003B0014F05F4F35003B0016F05F4F36003B001AF05F4F37007E
:20A340003B001CF05F4F38003B001EF05F4F39003B0028F05F4F3A003B002AF05F4F3B0027
:20A360003B002CF05F4F3C003B002EF05F4F3D003B0040F05F4F3E003B0042F05F4F3F00A7
:20A380003C429140002FD922000A3C3E9140002FD922008A3C399140002FD922808A3C3451
:20A3A0009140002FD92280CA3C2F9140002FD922C04A3C2A9140002FD922C08A3C2591400B
:20A3C000002FD922C0CA3C209140002FD922400B3C1B9140002FD922404B3C169140002FF8
:20A3E000D922408B3C119140002FD92240CB3C0C9140002FD922000C3C079140002FD922B7
:20A40000004C3C023C013C0100900B451088026AF69DDA003E74DA023E743C05DA003C054B
:20A42000DA083C03DA103C013C08DA043E723C03DAC03C03DA803C0102846DFF6EFF8FF86D
:20A440000141402402F56DFF5EBC02846DFF65FF8FF80141820540246DFF8DBCDF19198089
:20A4600076AC02846DFF59FF8FF801F182100FF01000892004093C0C02846DFF4EFF8FF892
:20A4800001F17B1000000FF01000892004090090911000F8D9FF84BCD4F46DFF3FB4911071
:20A4A00000F8D9FF84BCC8246DFF38B4009020880249025A4DC0E2FF370FE1F78B0F20B2F1
:20A4C0003C010D00400300003C013C01DA024BF901426DFF4EB4402F49A4240A40F56DFF79
:20A4E00074B76DFF9CCD02246DFFF6D70B2310C882083C1C820702A60BCD10486DFF96AD05
:20A500000B231048BB0024649BF6006082076DFFADAEBBF0FFFF7FF203803C0B8FFD1F1092
:20A5200077CD800F0B0110C8C218DA103FF8E4FFDA103FF80280DA003E98DA013E9DDA02A1
:20A54000BE92DA03BE973C1DDA0089AF2418DA1E89AFA2183C16DA0089AF2A18DA1F89AF11
:20A56000A8183C0FDA0089AF2418DA2089AFA2183C08DA0089AF2A18DA2189AFA8183C01CE
:20A58000DA024BF90102DF011780DA0089AF0018DA0789AF2018DA0189AF211889A22809FE
:20A5A0000BCD10486DFFC6D789A22409DA0089AF0C183C15DA0189AF0018DA0989AF2618FF
:20A5C000DA0289AF271889A230090BCD10486DFFB1D789A22C09DA0089AF1418DA0089AFF0
:20A5E0009A18DA0089AF9C18DA0089AF012849A4000A49A5240A6DFF23B502BF6E030D0012
:20A6000000034D00D0FF16015E19DA0182103700010E37F0040C89F0283949A4000A6DFF66
:20A62000EEB6009020389100014F6DFFF0B8910001FF19FF00C0AE1F9100014F8204BB0041
:20A6400068599B85B9546DFFD6BA9100014F82246DFFB5BA49A4000A9100015F6DFF6DBA33
:20A6600082083C1982093C13370868F02CA4370948F02CA549A4240A49A5000A6DFFBCB97D
:20A6800049A4240A82146DFF86BAC219DA083FF9ED7FC218BF48E87F0090094F4218370F2C
:20A6A000E3013C04094F10293C01020FC2F0EEFB009049AA10BA0B4510880B6710A809ACE8
:20A6C000B04809ADB44809AEB848DA644BFB01020B08004191100048D94498CF3BC03E5048
:20A6E0006DFFEAF2DA644BFC01020B08004191100048D94498CF3BD03E506DFFDDF2DA64B7
:20A700004BFD01020B08004191100048D94498CF3BE03E506DFFD0F23BB01AF03EEEDA64F7
:20A720004BFE01020B08004191100048D94498CF3B103F506DFFC0F2910000F7D9FF5C60F8
:20A74000B4FE370848406DFF92BD402CB4AE49A4203A49A5383A0B8B10480BCD10686D00A5
:20A76000950149A4040A40C56DFFD7C1DA002CA4BB00C2FB9BEFC3F47805DA002CAC49AFB5
:20A78000203AF80949A4300A49A5040A6DFF9CBF49A4004A49A5300A6DFF78BF4B0A61F1CB
:20A7A0007841DA003E99DA01BE93DA02BE9EDA035F9F27003C3109AF4848B70F81F189AFA4
:20A7C000084809AF4848961089AF08483C2509AF4848B70F81F189AF084809AF4848B70F3C
:20A7E00001F289AF08483C1809AF4848960889AF084809AF4848961089AF08483C0D09AFA5
:20A800004848960889AF084809AF4848B70F01F289AF08483C0109AF4848962089AF084836
:20A8200009A0C848DA0837F006F389AF884809AF4948B70F01F289AF094809A2F83989A2C3
:20A84000DC493BB01AF07EE609AF4848960489AF084849A43C1A49A5004A6DFF13BE3BB06D
:20A860001AF05FEF3280D840D4FFC8AF09FF5108B70F01F389FF110882048205820640C417
:20A880006DFF3EBD910000F7D9FF5C603BB01AF0B4FFDA003E8ADA013E8BDA023E8CDA03C4
:20A8A0003E8DDA043E8E3C103B2001E03C0D3B8007E03C0A3BE00DE03C073B4014E03C0470
:20A8C0003BA01AE03C01DA0509C0560837F003F289CF1608534820F0910000F7D9FF48601B
:20A8E00010FF4CC674FF534820F0910000F7D9FF486010FF534820F091000027D9224860FC
:20A900001022092FC208B77F85F3ACF1534820F0910000F7D9FF486010FF534820F09100BA
:20A920000027D92248601022142FB71F03F234FF534820F0910000F7D9FF486010FF53487D
:20A9400020F091000027D92248601022142FB71F83F034FF534820F0910000F7D9FF4860E8
:20A9600010F2534820F0910000F7D9FF486010FF081FB71F03F12C21534820F0910000F7A2
:20A98000D9FF486010FF534820F091000027D92248601022092FC008B71F83F3B4FF534856
:20A9A00020F0910000F7D9FF486010F2534820F0910000F7D9FF486010FF082F96202C2280
:20A9C000534820F0910000F7D9FF486010F2534820F0910000F7D9FF486010FF082FB70F03
:20A9E00081F12C22534820F0910000F7D9FF486010F2534820F0910000F7D9FF486010FF20
:20AA0000082FB70F01F32C22534820F0910000F7D9FF486010F2534820F0910000F7D9FF37
:20AA2000486010FF082FB71F03F02C22534820F0910000F7D9FF486010F2534820F0910020
:20AA400000F7D9FF486010FF081FB71F83F22C21534820F0910000F7D9FF486010F2534861
:20AA600020F0910000F7D9FF486010FF0830DA664BFE0122DA064BF301229AD2370F68F080
:20AA800037F004F22C2300900B67108894AF404F405C3B80000089F014083B00080028C0C7
:20AAA0003B0008002840820089F01508820089C005083B00080089C0040882005F40100032
:20AAC00082105F40C50082205F40970182305F40930282405F4065031D003204F6579110B7
:20AAE0000028D922CCBCF4F23C12DF15088091100028D922DCBCF4F23C0A82049110004804
:20AB0000D94498CF3B3004506DFFD6F0DF68088091100028D922ECACE8223C12DF7808805E
:20AB200091100028D922FCACE8223C0A820491100048D94498CF3B7004506DFFBDF03BC053
:20AB400000005F09088091100028D922DCACE8423C0A820491100048D94498CF3BA0045027
:20AB60006DFFAAF03B2001007E07911000F8D9FFECBCF4CF3C6A3B8001007E07911000F892
:20AB8000D9FFD4CCF4CF3C613BE001007E07911000F8D9FFE8CCF4CF3C583B4002007E07BE
:20ABA000911000F8D9FFFCCCF4CF3C4F3BA002007E07911000F8D9FFD0DCF4CF3C463B000F
:20ABC00003007E07911000F8D9FFE4DCF4CF3C3D3B6003007E07911000F8D9FFF8DCF4CF55
:20ABE0003C343BC003007E07911000F8D9FFCCECF4CF3C2B3B2004007E07911000F8D9FFBA
:20AC0000E0ECF4CF3C223B8004007E07911000F8D9FFF4ECF4CF3C193B0006007E07911033
:20AC200000F8D9FFC0CCF4CF3C103BB01A007E04A00FF4CF3C0A820491100048D94498CF77
:20AC40003B8005506DFF38F01D007A033B6006005F05088091100028D922180DF4F23C140A
:20AC60003B7006005F05088091100028D922280DF4F23C0A820491100048D94498CF3B00E4
:20AC800006506DFF19F03BC006005F08088091100028D922E8FCE8223C1E3BD006005F0875
:20ACA000088091100028D922F8FCE8223C143BE006005F08088091100028D922080DE82207
:20ACC0003C0A820491100048D94498CF3B5006506DFFF2EF3B2007005F09088091100028F2
:20ACE000D922C8FCE8423C143B3007005F09088091100028D922D8FCE8423C0A820491108A
:20AD00000048D94498CF3B9006506DFFD5EF3B8007007E07911000F8D9FF380DF4CF3C6AB0
:20AD20003BE007007E07911000F8D9FF201DF4CF3C613B4008007E07911000F8D9FF341D94
:20AD4000F4CF3C583BA008007E07911000F8D9FF082DF4CF3C4F3B0009007E07911000F8DE
:20AD6000D9FF1C2DF4CF3C463B6009007E07911000F8D9FF302DF4CF3C3D3BC009007E07B1
:20AD8000911000F8D9FF043DF4CF3C343B200A007E07911000F8D9FF183DF4CF3C2B3B8039
:20ADA0000A007E07911000F8D9FF2C3DF4CF3C223BE00A007E07911000F8D9FF004DF4CFDE
:20ADC0003C193B400B007E07911000F8D9FF0C1DF4CF3C103BB01A007E04A00FF4CF3C0A2B
:20ADE000820491100048D94498CF3B7007506DFF63EF1D00A5023BC00C005F050880911048
:20AE00000028D922146DF4F23C323BD00C005F05088091100028D922246DF4F23C283BE07D
:20AE20000C005F05088091100028D922346DF4F23C1E3BF00C005F05088091100028D9228E
:20AE4000047DF4F23C143B000D005F05088091100028D922147DF4F23C0A82049110004817
:20AE6000D94498CF3B1008506DFF26EF3B200D005F08088091100028D922245DE8223C1E2A
:20AE80003B300D005F08088091100028D922345DE8223C143B400D005F080880911000285C
:20AEA000D922046DE8223C0A820491100048D94498CF3B6008506DFFFFEE3B800D005F0967
:20AEC000088091100028D922145DE8423C323B900D005F09088091100028D922144DE84206
:20AEE0003C283BA00D005F09088091100028D922244DE8423C1E3BB00D005F0908809110D4
:20AF00000028D922344DE8423C143BC00D005F09088091100028D922045DE8423C0A820400
:20AF200091100048D94498CF3BD008506DFFC4EE3BE00D007E07911000F8D9FF247DF4CFA1
:20AF40003C583B400E007E07911000F8D9FF387DF4CF3C4F3BA00E007E07911000F8D9FFFC
:20AF60000C8DF4CF3C463B000F007E07911000F8D9FF208DF4CF3C3D3BC00F007E0791109A
:20AF800000F8D9FF348DF4CF3C343B2010007E07911000F8D9FF089DF4CF3C2B3B801000F2
:20AFA0007E07911000F8D9FF1C9DF4CF3C223BE010007E07911000F8D9FF309DF4CF3C19BB
:20AFC0003B4011007E07911000F8D9FF04ADF4CF3C103BB01A007E04A00FF4CF3C0A82046A
:20AFE00091100048D94498CF3B9009506DFF64EE1D00A6013B2013005F050880911000281B
:20B00000D92238BDF4F23C143B3013005F05088091100028D92228BDF4F23C0A82049110A4
:20B020000048D94498CF3BF009506DFF45EE3B8013005F08088091100028D92208BDE822D1
:20B040003C1E3BA013005F08088091100028D92218BDE8223C143B9013005F080880911058
:20B060000028D92238ADE8223C0A820491100048D94498CF3B400A506DFF1EEE3BE013000A
:20B080005F09088091100028D92218ADE8423C143BF013005F09088091100028D92228ADF6
:20B0A000E8423C0A820491100048D94498CF3B800A506DFF01EE3B4014007E07911000F810
:20B0C000D9FF08CDF4CF3C6A3BA014007E07911000F8D9FF1CCDF4CF3C613B0015007E0757
:20B0E000911000F8D9FF30CDF4CF3C583B6015007E07911000F8D9FF04DDF4CF3C4F3B700B
:20B1000015007E07911000F8D9FF18DDF4CF3C463BC015007E07911000F8D9FF2CDDF4CF18
:20B120003C3D3BD015007E07911000F8D9FF00EDF4CF3C343B2016007E07911000F8D9FFF9
:20B1400014EDF4CF3C2B3B8016007E07911000F8D9FF28EDF4CF3C223BE016007E07911070
:20B1600000F8D9FF3CEDF4CF3C193B4017007E07911000F8D9FF10FDF4CF3C103BB01A0015
:20B180007E04A00FF4CF3C0A820491100048D94498CF3B600B506DFF8FED1D00D1003B80FB
:20B1A00019005F05088091100028D922541DF4F23C283B9019005F05088091100028D92277
:20B1C000641DF4F23C1E3BA019005F05088091100028D922741DF4F23C143BB019005F05DB
:20B1E000088091100028D922442DF4F23C0A820491100048D94498CF3BE00B506DFF5CED48
:20B200003BE019005F08088091100028D922640DE8223C1E3BF019005F0808809110002876
:20B22000D922740DE8223C143B001A005F08088091100028D922441DE8223C0A8204911058
:20B240000048D94498CF3B300C506DFF35ED3B401A005F09088091100028D92234FDE84229
:20B260003C283B501A005F09088091100028D922440DE8423C1E3B601A005F0908809110F6
:20B280000028D922540DE8423C143B701A005F09088091100028D92224FDE8423C0A820420
:20B2A00091100048D94498CF3B900C506DFF04ED3BC01B007E07911000F8D9FF503DF4CF41
:20B2C0003C3D3B401D007E07911000F8D9FF783DF4CF3C343B501D007E07911000F8D9FFE1
:20B2E000643DF4CF3C2B3B601B007E07911000F8D9FF7C2DF4CF3C223B001B007E07911091
:20B3000000F8D9FF682DF4CF3C193BA01A007E07911000F8D9FF542DF4CF3C103BB01A0030
:20B320007E04A00FF4CF3C0A820491100048D94498CF3B200D506DFFBFEC3C0100900B54E5
:20B340001088404C026A370948406DFF90B7402D40D46DFFA4F9534920F0910000F7D9FF4C
:20B36000486010FF54F082013710010089D0201989D824193C0109D042183700E3F16EFCF2
:20B3800040D46DFF8CF9DF1A0F80534920F0910000F7D9FF486010FF54FF8210370F01F041
:20B3A00089DF2019DA0089DF24193C0109DF4218370FE3F16EFC09DF10293C0134CFB01C3D
:20B3C000C2FADF0AE2FF3C0109DF41186F3FFE7FBBF0FFFF89DF141900900B451088026A1C
:20B3E000370848406DFF43B7402C534820F0910000F7D9FF486010FF54FF8200370F01F0E6
:20B4000089CF201940C46DFF4AF989C924193C0109CF42181607EEFD534820F0910000F7AF
:20B42000D9FF486010FF54FF8210370F01F089CF201989CA24193C0109CF42181607EEFDC9
:20B440003C0109CF41186F3FFE7FBBF0FFFF89CF141900900B541088404C026A37094840DE
:20B460006DFF05B7534920F0910000F7D9FF486010FF54F08201371001008920201989283F
:20B4800024193C01092F42181607EEFDDF1A0F80534920F0910000F7D9FF486010FF54FFFA
:20B4A0008210370F01F0892F201914CFB01C892F24193C01092F42181607EEFDC2FADF0AB2
:20B4C000E7FF3C01092F41186F3FFE7FBBF0FFFF892F14190090A00FDA005F4F2100DA013C
:20B4E0005F4F2300DA025F4F2500DA035F4F2700DA045F4F2900DA055F4F2B00DA065F4F1F
:20B500002D00DA085F4F2F00DA095F4F3100DA0A5F4F3300DA0B5F4F35003C38910000F7F4
:20B52000D9FF60603C3C910000F7D9FF64B03C37910000F7D9FF50D03C32910000F7D9FFC6
:20B540007CE03C2D910000F7D9FFA8003C28910000F7D9FF94203C23910000F7D9FF804027
:20B560003C1E910000F7D9FFAC503C19910000F7D9FF98703C14910000F7D9FF4C803C0F91
:20B58000910000F7D9FF78903C0A820491100048D94480DF3B5012506DFF8EEB40F23C01D1
:20B5A000009020200B4510A80B7610884DC0E2FF370FE1F78B0F20C23C010D004003000085
:20B5C0003C013C01370A48406DFF00A791000047D944849040256DFFFFAA02A46D00EB0391
:20B5E00002A46D008705910000F7D9FF8490DA0289FF2C08910000F7D9FF8490DA04ACF4AE
:20B60000910000F7D9FF84904B0B61F16CF1910000F7D9FF8490DA072CFAA00FF4AFA00F35
:20B62000F80449A4180A49A5080A0BA9104802866D002800DA102CACDA8089AF1C08DA0084
:20B6400089AF1D08910000F7D9FF849049A2000AE8A202A46DFF41FF91000057D95584901E
:20B6600040246DFF71A8820502A46D007A03820502A46D00B10602CF6E030D000003009097
:20B680000268405C82005F40220082105F40670082205F40FF0082305F40730182405F4063
:20B6A000E70182505F400A0282605F404802DA085F4F7402DA095F4F9702DA0A5F4FB902DD
:20B6C000DA0B5F4FFF021D002203F658911000F8D9FF706C80FF744F3C25DF150980911038
:20B6E00000F8D9FF407C80FF744F3C1CDF250980911000F8D9FF507C80FF744F3C13DF35B5
:20B700000980911000F8D9FF607C80FF744F3C0A820491100048D94480DF3B5013506DFF86
:20B72000CBEAF688911000F8D9FF506C80FF74CF3C13DF180980911000F8D9FF606C80FF5C
:20B7400074CF3C0A820491100048D94480DF3B9013506DFFB1EA1D00DB02DF4509809110F8
:20B7600000F8D9FF50BC80FF744F3C52DF550980911000F8D9FF60BC80FF744F3C49DF65C8
:20B780000980911000F8D9FF70BC80FF744F3C40DF750980911000F8D9FF40CC80FF744F29
:20B7A0003C37DA087E58911000F8D9FF50CC80FF744F3C2EDA097E58911000F8D9FF60CCCF
:20B7C00080FF744F3C25DA0A7E58911000F8D9FF70CC80FF744F3C1CDA0B7E58911000F871
:20B7E000D9FF40DC80FF744F3C13DA0C7E58911000F8D9FF50DC80FF744F3C0A82049110BC
:20B800000048D94480DF3B7014506DFF55EADF480980911000F8D9FF709C80FF74CF3C3748
:20B82000DF580980911000F8D9FF40AC80FF74CF3C2EDF680980911000F8D9FF50AC80FF03
:20B8400074CF3C25DF380980911000F8D9FF60AC80FF74CF3C1CDF780980911000F8D9FFBC
:20B8600070AC80FF74CF3C13DF280980911000F8D9FF40BC80FF74CF3C0A82049110004827
:20B88000D94480DF3BF014506DFF16EA1D004002DA0D7E58911000F8D9FF70EC80FF744F06
:20B8A0003C37DA0E7E58911000F8D9FF40FC80FF744F3C2EDA0F7E58911000F8D9FF50FC82
:20B8C00080FF744F3C25DA107E58911000F8D9FF60FC80FF744F3C1CDA117E58911000F844
:20B8E000D9FF70FC80FF744F3C13DA127E58911000F8D9FF800C80FF744F3C0A8204911005
:20B900000048D94480DF3BA015506DFFD5E9DA0B7E88911000F8D9FF60DC80FF74CF3C2E35
:20B92000DA097E88911000F8D9FF70DC80FF74CF3C25DA0A7E88911000F8D9FF40EC80FF38
:20B9400074CF3C1CDA0C7E88911000F8D9FF50EC80FF74CF3C13DA087E88911000F8D9FF49
:20B9600060EC80FF74CF3C0A820491100048D94480DF3B2016506DFF9FE91D00C901DA13FF
:20B980007E58911000F8D9FF901C80FF744F3C40DA147E58911000F8D9FFA01C80FF744FC3
:20B9A0003C37DA157E58911000F8D9FFB01C80FF744F3C2EDA167E58911000F8D9FF802C83
:20B9C00080FF744F3C25DA177E58911000F8D9FF902C80FF744F3C1CDA187E58911000F8D5
:20B9E000D9FFA02C80FF744F3C13DA197E58911000F8D9FFB02C80FF744F3C0A820491104D
:20BA00000048D94480DF3BE016506DFF55E9DA0E7E88911000F8D9FF900C80FF74CF3C2519
:20BA2000DA0F7E88911000F8D9FFA00C80FF74CF3C1CDA0D7E88911000F8D9FFB00C80FF47
:20BA400074CF3C13DA107E88911000F8D9FF801C80FF74CF3C0A820491100048D94480DF64
:20BA60003B4017506DFF28E91D005201DA1A7E58911000F8D9FF903C80FF744F3C0A8204E2
:20BA800091100048D94480DF3BA017506DFF14E9DA117E88911000F8D9FF803C80FF74CFB6
:20BAA0003C0A820491100048D94480DF3BD017506DFF02E91D002C01DA1B7E58911000F8DE
:20BAC000D9FF904C80FF744F3C13DA1C7E58911000F8D9FFA04C80FF744F3C0A8204911049
:20BAE0000048D94480DF3B4018506DFFE5E8DA127E88911000F8D9FFA03C80FF74CF3C1C0D
:20BB0000DA137E88911000F8D9FF804C80FF74CF3C13DA147E88911000F8D9FFB03C80FF14
:20BB200074CF3C0A820491100048D94480DF3B9018506DFFC1E81D00EB00DA1D7E589110D3
:20BB400000F8D9FF905C80FF744F3C0A820491100048D94480DF3BF018506DFFADE8DA1533
:20BB60007E88911000F8D9FFB04C80FF74CF3C13DA167E88911000F8D9FF805C80FF74CF3C
:20BB80003C0A820491100048D94480DF3B3019506DFF92E81D00BC00DA1E7E58911000F87A
:20BBA000D9FFB05C80FF744F3C0A820491100048D94480DF3B9019506DFF7EE8DA177E8831
:20BBC000911000F8D9FFA05C80FF74CF3C0A820491100048D94480DF3BC019506DFF6CE8E1
:20BBE0001D009600DA1F7E58911000F8D9FF906C80FF744F3C0A820491100048D94480DFE3
:20BC00003B201A506DFF58E8DA187E88911000F8D9FF806C80FF74CF3C0A820491100048E7
:20BC2000D94480DF3B501A506DFF46E83C70DA207E58911000F8D9FF708C80FF744F3C137F
:20BC4000DA217E58911000F8D9FF409C80FF744F3C0A820491100048D94480DF3BC01A50EE
:20BC60006DFF2AE8DA197E88911000F8D9FF707C80FF74CF3C25DA1A7E88911000F8D9FF62
:20BC8000408C80FF74CF3C1CDA1B7E88911000F8D9FF508C80FF74CF3C13DA1C7E889110C8
:20BCA00000F8D9FF608C80FF74CF3C0A820491100048D94480DF3B201B506DFFFDE73C275C
:20BCC000DA227E58911000F8D9FF609C80FF744F3C0A820491100048D94480DF3B901B507C
:20BCE0006DFFEAE7DA1D7E88911000F8D9FF509C80FF74CF3C0A820491100048D94480DFBA
:20BD00003BC01B506DFFD8E73C023C010090404F82086DFFE2FBD424094F5208161F3C0109
:20BD20006E07D424821440F56DFF07A4821802823C0100902008DA0034AF6DFFCEFB3C0172
:20BD4000D42F09FF5208161F3C016EFBD42449A5000A82146DFFF1A314A23C010090025840
:20BD6000910000F7D9FF8490D4FF370448406DFF2DA391000047D944849040256DFF2CA7D0
:20BD800040F46DFFAEA3370868F06E03DA013C02DA0009F0431837F001F289FF03187685AB
:20BDA0000C2196042C213C050C21B70F01F12C210090DA005F4F2200DA015F4F4100DA021C
:20BDC0005F4F6000DA035F4F7F00DA045F4F9E00DA055F4FBD00DA065F4FDC00DA085F4FDD
:20BDE000FB00DA095F4F1901DA0A5F4F3701DA0B5F4F55011D007401910000F7D9FF8490E4
:20BE000091000027D9226470E8C2910000F7D9FF849091000027D9227C60E8E2910000F79C
:20BE2000D9FF8490DA0189FFAE08910000F7D9FF8490DA0189FFB4081D005B01910000F769
:20BE4000D9FF849091000027D92268C0E8C2910000F7D9FF849091000027D92240C0E8E280
:20BE6000910000F7D9FF8490DA0189FFAE08910000F7D9FF8490DA0189FFB4081D0039014B
:20BE8000910000F7D9FF849091000027D92254E0E8C2910000F7D9FF849091000027D92276
:20BEA0006CD0E8E2910000F7D9FF8490DA0189FFAE08910000F7D9FF8490DA0189FFB4085C
:20BEC0001D001701910000F7D9FF849091000027D9228000E8C2910000F7D9FF84909100D7
:20BEE0000027D92258F0E8E2910000F7D9FF8490DA0189FFAE08910000F7D9FF8490DA0132
:20BF000089FFB4081D00F500910000F7D9FF849091000027D922AC10E8C2910000F7D9FFDE
:20BF2000849091000027D9228410E8E2910000F7D9FF8490DA0189FFAE08910000F7D9FFEF
:20BF40008490DA0189FFB4081D00D300910000F7D9FF849091000027D9229830E8C2910094
:20BF600000F7D9FF849091000027D922B020E8E2910000F7D9FF8490DA0189FFAE08910073
:20BF800000F7D9FF8490DA0189FFB4081D00B100910000F7D9FF849091000027D9228450D6
:20BFA000E8C2910000F7D9FF849091000027D9229C40E8E2910000F7D9FF8490DA0189FF33
:20BFC000AE08910000F7D9FF8490DA0189FFB4081D008F00910000F7D9FF84909100002740
:20BFE000D922B060E8C2910000F7D9FF849091000027D9228860E8E2910000F7D9FF84903F
:20C00000DA0189FFAE08910000F7D9FF8490DA0189FFB4083C6D910000F7D9FF84909100C6
:20C020000027D9229C80E8C2910000F7D9FF849091000027D922B470E8E2910000F7D9FFA3
:20C040008490DA0189FFAE08910000F7D9FF8490DA0189FFB4083C4C910000F7D9FF849024
:20C0600091000027D9225090E8C2910000F7D9FF849091000027D9226880E8E2910000F722
:20C08000D9FF8490DA0189FFAE08910000F7D9FF8490DA0189FFB4083C2B910000F7D9FF41
:20C0A000849091000027D9227CA0E8C2910000F7D9FF849091000027D92254A0E8E291007D
:20C0C00000F7D9FF8490DA0189FFAE08910000F7D9FF8490DA0189FFB4083C0A8204911064
:20C0E0000048D94480DF3BA010506DFFE5E50090DA005F4F2200DA015F4F3D00DA025F4F81
:20C100005800DA035F4F7300DA045F4F8E00DA055F4FA900DA065F4FC400DA085F4FDE00B9
:20C12000DA095F4FF800DA0A5F4F1201DA0B5F4F2C011D004701910000F7D9FF8490DA0B53
:20C1400089FFA008910000F7D9FF8490DA0A89FFA208910000F7D9FF8490DA0C89FFA40897
:20C16000910000F7D9FF8490DA0089FF26081D003201910000F7D9FF8490DA0D89FFA008E0
:20C18000910000F7D9FF8490DA0E89FFA208910000F7D9FF8490DA0F89FFA408910000F7F8
:20C1A000D9FF8490DA0089FF26081D001401910000F7D9FF8490DA1089FFA008910000F7BB
:20C1C000D9FF8490DA1189FFA208910000F7D9FF8490DA1289FFA408910000F7D9FF84904E
:20C1E000DA0089FF26081D00F600910000F7D9FF8490DA1389FFA008910000F7D9FF849097
:20C20000DA1489FFA208910000F7D9FF8490DA1589FFA408910000F7D9FF8490DA0089FF91
:20C2200026081D00D800910000F7D9FF8490DA1689FFA008910000F7D9FF8490DA1789FF5A
:20C24000A208910000F7D9FF8490DA1889FFA408910000F7D9FF8490DA0089FF26081D0079
:20C26000BA00910000F7D9FF8490DA1989FFA008910000F7D9FF8490DA1A89FFA208910042
:20C2800000F7D9FF8490DA1B89FFA408910000F7D9FF8490DA0089FF26081D009C00910044
:20C2A00000F7D9FF8490DA1C89FFA008910000F7D9FF8490DA1D89FFA208910000F7D9FF78
:20C2C0008490DA1E89FFA408910000F7D9FF8490DA0089FF26083C7E910000F7D9FF8490EC
:20C2E000DA1F89FFA008910000F7D9FF8490DA2089FFA208910000F7D9FF8490DA2189FF7E
:20C30000A408910000F7D9FF8490DA0089FF26083C61910000F7D9FF8490DA2289FFA00830
:20C32000910000F7D9FF8490DA2389FFA208910000F7D9FF8490DA2489FFA408910000F72C
:20C34000D9FF8490DA0089FF26083C44910000F7D9FF8490DA2589FFA008910000F7D9FFDE
:20C360008490DA2689FFA208910000F7D9FF8490DA2789FFA408910000F7D9FF8490DA0080
:20C3800089FF26083C27910000F7D9FF8490DA2889FFA008910000F7D9FF8490DA2989FFDF
:20C3A000A208910000F7D9FF8490DA2A89FFA408910000F7D9FF8490DA0089FF26083C0ADD
:20C3C000820491100048D94480DF3BE00A506DFF73E400900258910000F7D9FF8490D4FF09
:20C3E000370448406DFFF29F91000047D944849040256DFFF1A340F46DFF89A0370868F0AF
:20C400006E03DA013C02DA0009F0431837F081F389FF031876850C2196042C213C050C21A9
:20C42000B70F01F12C210090404F025F6DFF55F8D42440F502F46DFF76A10090200834A587
:20C440006DFF4BF8D42449A5000A82146DFF6BA100900248404F3C0909FF0008B01F370F5C
:20C46000685002846DFFECFF09FF0008EEF60090588003F0648003F0708003F07C8003F02F
:20C48000888003F0948003F0A08003F0AC8003F0B88003F0C48003F0D08003F0DC8003F074
:20C4A000E88703F0F48703F0588A03F0648A03F0988C03F0A48C03F0F88D03F0048E03F0BF
:20C4C000D88E03F0E48E03F0B88F03F0C48F03F0548003F0608003F06C8003F0788003F0BA
:20C4E000848003F0908003F09C8003F0A88003F0B48003F0C08003F0CC8003F0D88003F034
:20C50000E48703F0F08703F0548A03F0608A03F0948C03F0A08C03F0F48D03F0008E03F07E
:20C52000D48E03F0E08E03F0B48F03F0C08F03F0508003F05C8003F0688003F0748003F079
:20C54000808003F08C8003F0988003F0A48003F0B08003F0BC8003F0C88003F0D48003F0F3
:20C56000E08703F0EC8703F0508A03F05C8A03F0908C03F09C8C03F0F08D03F0FC8D03F03F
:20C58000D08E03F0DC8E03F0B08F03F0BC8F03F0000600F000AE03F00100000000000000E5
:20C5A000000600F000AF03F00300000001000000000600F000AE03F00000000090000000B8
:20C5C000000600F000AE03F00100000090000000000600F000AF03F0020000009000000009
:20C5E000000600F000AF03F00300000090000000000A2CF000A003F0040000000000000053
:20C60000000A2CF000A003F00800000001000000000A2CF000AD03F0000000000200000090
:20C62000000A2CF000AD03F00100000003000000000A2CF000A003F00800000098000000D7
:20C64000000A2CF000AD03F00000000090000000000B2CF000B503F00200000004000000AF
:20C66000000B2CF000B503F00500000098000000000700F000AF03F00100000000000000B4
:20C68000000700F000AF03F00500000001000000000700F000B403F0090000000200000052
:20C6A000000700F000AB03F00A00000004000000000700F000C103F00D000000050000001A
:20C6C000000700F000A203F00300000006000000000700F000A203F00200000090000000A7
:20C6E000000700F000AB03F00C00000090000000000700F000AF03F00000000090000000E0
:20C70000000700F000AF03F00100000090000000000700F000AF03F00400000090000000C2
:20C72000000700F000AF03F00500000090000000000700F000B403F00A0000009000000093
:20C74000000700F000C103F00C00000090000000000700F000C103F00D000000900000004A
:20C76000000800F000AE03F00300000000000000000800F000A203F001000000010000008E
:20C78000000800F000AA03F00600000003000000000800F000C103F0080000000400000043
:20C7A000000800F000A203F00000000006000000000800F000A203F00000000090000000C9
:20C7C000000800F000AA03F00500000090000000000800F000AE03F0020000009000000004
:20C7E000000800F000AE03F00300000090000000000800F000C103F00800000090000000C9
:20C80000000800F000C103F00900000090000000000900F000AF03F0070000000000000031
:20C82000000900F000B403F00300000002000000000900F000A003F00100000004000000C2
:20C84000000900F000B503F00600000005000000000900F000A003F0000000009800000008
:20C86000000900F000A003F00100000090000000000900F000AF03F006000000900000006A
:20C88000000900F000AF03F00700000090000000000900F000B403F0000000009000000036
:20C8A000000900F000B403F00300000090000000000900F000B503F007000000900000000D
:20C8C000000A00F000A003F00C00000000000000000A00F000A003F009000000A800000081
:20C8E000000B00F000A003F00600000000000000000B00F000C103F00400000001000000F0
:20C90000000B00F000B603F00300000002000000000B00F000A003F0070000009000000049
:20C92000000B00F000B603F00200000090000000000C00F000B603F0000000000400000018
:20C94000000C00F000B703F00100000005000000000C00F000B603F000000000B8000000CE
:20C96000000E00F000C103F00600000003000000000E00F000C103F007000000A0000000A3
:20C98000000F00F000B403F00600000004000000000F00F000B403F00700000090000000AA
:20C9A000000600F000000000000700F001000000000800F002000000000900F00300000093
:20C9C000000A00F004000000000B00F005000000000C00F006000000000D00F00700000053
:20C9E000000E00F008000000000F00F009000000000A2CF00A000000000B2CF00B000000C7
:20CA0000000C2CF00C000000000D2CF00D000000000E2CF00E000000000F2CF00F0000003A
:20CA200000102CF01000000000112CF01100000000122CF01200000000132CF013000000FA
:20CA400000142CF01400000000152CF01500000000162CF01600000000172CF017000000BA
:20CA60000050C348640000000050C348640000001400000000000000000000000100000023
:20CA800000000000000000000000000000000000000000000000000000000101070000008D
:20CAA00000000901000000000602000000000A030000000000000000000000000101000055
:20CAC00000000000002A00F000000000002B00F00100000000000000000000000000000020
:20CAE00000000000000000000000000000000000000000000000010000010F00010F000015
:20CB0000000000000000000000000000001800F00200000000A003F0080000000000000070
:20CB2000001800F00200000000C103F00600000001000000001800F00200000000A003F093
:20CB40000700000000000000001800F00200000000C103F00700000001000000001800F000
:20CB60000300000000A203F00700000000000000001800F00300000000A203F00600000070
:20CB800000000000001800F00400000000A003F00900000000000000001800F004000000E1
:20CBA00000C103F00500000001000000001800F00400000000A203F0080000000000000012
:20CBC000001800F00500000000B503F00600000000000000001800F00500000000AA03F0F0
:20CBE0000100000001000000001800F00500000000B503F00700000000000000001800F06F
:20CC00000500000000AA03F00300000001000000001800F00600000000B403F000000000B9
:20CC200000000000001800F00600000000B403F00300000000000000001800F0060000002E
:20CC400000AA03F00200000001000000608124F002388700FFFFFFFF648124F066D0000053
:20CC6000FFFFFFFF688124F002380700FFFFFFFF6C8124F026980000FFFFFFFF248124F00A
:20CC8000C9000000FFFFFFFF088124F001003630FFFFFFFF0C8124F00807690BFFFFFFFFAF
:20CCA000288124F08E042101FFFFFFFF488124F0B6730835FFFFFFFF4C8124F0466C94029F
:20CCC000FFFFFFFF088124F002003630FFFFFFFF108124F03B033600FFFFFFFF148124F099
:20CCE0001008690BFFFFFFFF508124F00E710834FFFFFFFF548124F0446C9402FFFFFFFFE5
:20CD0000188124F009003600FFFFFFFF1C8124F00808690BFFFFFFFF208124F0941C230072
:20CD2000FFFFFFFF588124F0B622081BFFFFFFFF5C8124F0466C9402FFFFFFFF2C8124F01D
:20CD400034040000FFFFFFFF308124F0825A0000FFFFFFFF348124F009090712FFFFFFFF12
:20CD6000080000004CCC0080ACC5A73702000000ACCC0080ACC5A7370D000000C4CC00805E
:20CD8000ACC5A7370300000060CD00801600000094CD0080608124F002388700FFFFFFFFEB
:20CDA000648124F066D00000FFFFFFFF688124F002380700FFFFFFFF6C8124F0269800004F
:20CDC000FFFFFFFF248124F0C9000000FFFFFFFF0C8124F00807690BFFFFFFFF288124F0FC
:20CDE0008E042101FFFFFFFF488124F0B6730835FFFFFFFF4C8124F0466C9402FFFFFFFF1F
:20CE0000088124F002003630FFFFFFFF108124F03B033600FFFFFFFF148124F01008690BC7
:20CE2000FFFFFFFF508124F00E710834FFFFFFFF548124F0446C9402FFFFFFFF188124F082
:20CE400009003600FFFFFFFF1C8124F00808690BFFFFFFFF208124F0941C2300FFFFFFFFE2
:20CE6000588124F0B622081BFFFFFFFF5C8124F0466C9402FFFFFFFF2C8124F034040000A0
:20CE8000FFFFFFFF308124F0825A0000FFFFFFFF348124F009090712FFFFFFFF001C00F0FD
:20CEA00000B403F00C00000000000000001C00F000B403F00C000000A0000000001C00F054
:20CEC00000B403F00E00000098000000001C00F000B403F00B00000098000000001C00F0A3
:20CEE00000B403F00D000000A8000000001C00F00000000000B403F0080000009800000083
:20CF0000001C00F00D00000000AF03F00000000098000000001C00F00100000000B403F00A
:20CF20000900000098000000001C00F00200000000B403F00D00000098000000001C00F0EA
:20CF40000300000000AB03F00A00000098000000001C00F00400000000AB03F00B000000D5
:20CF600098000000001C00F00500000000AB03F00200000098000000001C00F006000000BE
:20CF800000B403F00A00000098000000001C00F00700000000C103F00500000090000000EC
:20CFA000001C00F00800000000B403F00600000098000000001C00F00900000000B403F05C
:20CFC0000300000098000000001D00F000AA03F00100000000000000001D00F000AB03F060
:20CFE0000300000001000000001D00F000AA03F00100000090000000001D00F000AA03F048
:20D000000300000098000000001D00F000AB03F00900000098000000001D00F000AA03F07F
:20D020000200000098000000001D00F000AB03F00600000098000000001D00F00000000000
:20D0400000B403F008000000A0000000001D00F00A00000000AA03F0000000009800000035
:20D06000001D00F00100000000B403F009000000A0000000001D00F00200000000B403F09C
:20D080000D000000A0000000001D00F00300000000AB03F00A000000A0000000001D00F07E
:20D0A0000400000000AB03F00B000000A0000000001D00F00500000000AB03F00200000071
:20D0C000A0000000001D00F00600000000C103F00A00000090000000001D00F0070000003B
:20D0E00000C103F00500000098000000001D00F00800000000AA03F0040000009800000091
:20D10000001D00F00900000000AA03F005000000A0000000001E00F000AF03F00400000003
:20D1200000000000001E00F000AF03F00700000001000000001E00F000B503F0020000007F
:20D1400002000000001E00F000B503F00300000002000000001E00F000AF03F00200000060
:20D1600004000000001E00F000AD03F00300000098000000001E00F000AF03F005000000AD
:20D1800098000000001E00F000AF03F00600000098000000001E00F000AD03F000000000FB
:20D1A00098000000001E00F000AD03F00100000098000000001E00F000AF03F003000000DD
:20D1C00098000000001E00F000AF03F006000000A8000000001E00F000AF03F008000000A1
:20D1E00098000000001E00F00000000000AF03F00200000098000000001E00F0010000003E
:20D2000000AE03F00200000098000000001E00F00200000000AE03F0060000009800000084
:20D22000001E00F00300000000AE03F00300000098000000001E00F00500000000AF03F0EC
:20D240000100000098000000001E00F00600000000C103F00D000000A0000000001E00F0B2
:20D260000700000000B403F00A000000A0000000001E00F00800000000B403F00600000093
:20D28000A0000000001E00F00900000000B403F003000000A0000000001F00F000A203F0E9
:20D2A0000500000000000000001F00F000A103F00500000002000000001F00F000A103F01C
:20D2C00006000000A0000000001F00F000A203F00600000098000000001F00F000AA03F0BA
:20D2E0000600000098000000001F00F000A103F007000000A0000000001F00F000A203F0A2
:20D300000700000098000000001F00F00000000000A203F00400000098000000001F00F01F
:20D320000100000000A203F00000000098000000001F00F00200000000A203F00100000018
:20D3400098000000001F00F00300000000A003F00500000098000000001F00F003000000E1
:20D3600000A203F00200000098000000001F00F00400000000A003F002000000B000000026
:20D38000001F00F00400000000A203F00300000098000000001F00F00500000000A203F0A1
:20D3A0000800000090000000001F00F00600000000A003F00800000090000000001F00F086
:20D3C0000700000000A003F00900000090000000001F00F00800000000AA03F00500000061
:20D3E00098000000002000F000C103F00D00000000000000002000F000B603F0010000000A
:20D4000001000000002000F000B503F00200000002000000002000F000B503F00300000094
:20D4200002000000002000F000B603F003000000A0000000002000F000B603F000000000D5
:20D4400098000000002000F000C103F00C00000098000000002000F000B603F00000000013
:20D46000A0000000002000F000B603F001000000A0000000002000F000B603F003000000F6
:20D4800098000000002000F000C103F00B00000098000000002000F00000000000C103F0C9
:20D4A0000A00000098000000002000F00100000000C103F00900000098000000002000F054
:20D4C0000200000000C103F00800000098000000002000F00300000000B603F00200000038
:20D4E00098000000002000F00700000000A203F00100000090000000002000F00700000040
:20D5000000C103F00700000098000000001C00F000000000001D00F001000000001E00F090
:20D5200002000000001F00F003000000002000F004000000010102030405060608080A0A83
:20D540000C0C0C0F0000003F0000803F0000A03F0000C03F0000004000002040002D3101BD
:20D560000100001D0500001F0101000017B7513903000000CCD5008013012307FF0FFF0F91
:20D5800012021121BF0F3F3F011200000F3F000032000000FF000000000000003F00000028
:20D5A000000000003F000000000000003F000000000000003F000000C0D50080C8D500807C
:0AD5C0000000000000000000000061
:12D5CC00030017B7D138020017B7D138010017B7D138C2
:20D5E000001000F000000000001100F001000000001200F002000000001300F0030000001F
:20D600000002020202020202020203010101010202020202020202020202020202020202CF
:20D620000204404040404040404040404040404040202020202020202020204040404040A4
:20D6400040408888888888880808080808080808080808080808080808080808404040407A
:20D6600040409090909090901010101010101010101010101010101010101010404040408A
:20D68000020000000000000000000000000000000000000000000000000000000000000088
:20D6A00000000000000000000000000000000000000000000000000000000000000000006A
:20D6C00000000000000000000000000000000000000000000000000000000000000000004A
:20D6E00000000000000000000000000000000000000000000000000000000000000000002A
:01D700000028
:20D7040050697463683A252E32662872616429207C20456E3A2564207C2050574D204C3AD8
:1AD72400256420523A2564207C20755F4C51523A6B312A252E31660D0A00AD
:0FD74000434D443A2053746F700D0A0025660064
:0FD750004F4B3A204B25633D252E32660D0A00C4
:12D7600042616C616E636520454E41424C45440D0A00EF
:13D7740042616C616E63652044495341424C45440D0A008D
:0FD78800434D443A20466F72776172640D0A0078
:20D79800434D443A204261636B776172640D0A00434D443A204C6566740D0A00434D443A2F
:09D7B8002052696768740D0A0033
:20D7C400CDCCCC3D0AD7233C17B7D13877CC2B329595E6241FB14F0A000020410000C84224
:20D7E40000401C4620BCBE4CCA1B0E5AAEC59D745B494E49545D204D6F746F72204F4B0DE8
:02D804000A0018
:20D808005B494E49545D2042616C616E636520436F6E74726F6C6C6572202E2E2E0D0A0049
:20D828005B494E49545D2042616C616E6365204F4B202864697361626C65642C2073656E62
:13D84800642027452720746F20656E61626C65290D0A00EC
:17D85C005B494E49545D20504954202564207573202E2E2E0D0A004A
:19D874005B494E49545D2053797374656D205265616479210D0A0D0A00A6
:1ED890006374726C3A25662C25662C25662C25662C25662C25662C25642C25640A00F9
:20D8B0000D0A3D3D3D3D3D3D3D3D3D3D3D3D3D3D3D3D3D3D3D3D3D3D3D3D3D3D3D3D3D0D4B
:02D8D0000A004C
:17D8D40020576865656C4C656720526F626F742076312E300D0A00AE
:20D8EC002044454255475F4D4F44455F494D555F4F4E4C59203D2025640D0A003D3D3D3D15
:20D90C003D3D3D3D3D3D3D3D3D3D3D3D3D3D3D3D3D3D3D3D3D3D3D3D3D0D0A005B494E49B4
:0DD92C00545D20494D55202E2E2E0D0A0071
:20D93C005B4552524F525D20494D5520696E6974204641494C454421207265743D25640D86
:02D95C000A00BF
:20D960005B494E49545D20494D55204F4B0D0A005B494E49545D204D6F746F722026204517
:0DD980006E636F646572202E2E2E0D0A005E
:09D9900066696C653A20257300FC
:0DD99C0066696C653A206D646B2F25730081
:09D9AC006C696E653A20256400E7
:19D9B8000D0A66696C65202573206C696E652025643A2025732E0D0A003F
:15D9D4000D0A66696C65202573206C696E652025642E0D0A0019
:0DD9EC00417373657274206572726F720072
:20D9FC004C6F67206D657373616765002E2E2F6C69627261726965732F7A665F636F6D6D82
:20DA1C006F6E2F7A665F636F6D6D6F6E5F6669666F2E6300C82E002E802E3DB1C82E002E9E
:20DA3C00802E9103802EBCB0802EA303C82E002E802E00B05030212E59F51030212E6AF58D
:20DA5C00802E3B0300000000081901002200750000100010D100B343802E00C1802E00C140
:20DA7C00802E00C1802E00C1802E00C1802E00C1802E00C1802E00C1802E00C1802E00C112
:20DA9C00802E00C1802E00C1802E00C1802E00C1802E00C1802E00C1802E00C1802E00C1F2
:20DABC00802E00C1802E00C1802E00C1802E00C1802E00C1802E00C1802E00C1802E00C1D2
:20DADC00802E00C1802E00C1802E00C1802E00C1802E00C1802E00C1802E00C1802E00C1B2
:20DAFC00802E00C1802E00C1802E00C1802E00C1802E00C1802E00C1802E00C1802E00C192
:20DB1C00E05F00000000010000000000000000000000920000000000000000000000000017
:20DB3C000000000008190000880000000000000005E0AA3805E09030FA0096004B091100BF
:20DB5C00110002002D01D47B3B01DB7A04003F7BCD6CC3048509C304ECE60C460100270029
:20DB7C0019009600A00001000C00F03C00010100030001000E00000032000500EE060400BE
:20DB9C00C80000000400A805EE060004BC02B30085070000000000000000000000000000FB
:20DBBC00000000000000B4000100B9000100980000000000000000000100800004000000BD
:20DBDC00000000000000000000000000000000000000000000000000000000000000000029
:20DBFC00000000000000000000000000000000000000000000000000000000000000000009
:20DC1C000000000000000000000000000000802E00C1FD2DDE00EB00DA00000CFF0F00048E
:20DC3C00C0005BF5C9011EF280003FFF19F458F566F564F5C0F1F000E000CD01D301DB0113
:20DC5C00FF7FFF01E40074F7F300FA00FF3FCA036C3856FE44FDBC02F90600FC1202AE012E
:20DC7C0058FA9AFD7705BB02960195017F0182018901870188018A018C018F018D019201D2
:20DC9C009101DD009F017E01DB00B601706926D39C071F059D000008BC0537FAA201AA01CA
:20DCBC00A101A801A001A805B401B401CE00D000FC00C501FFFBB10000380030FDF5FCF5EF
:20DCDC00CD01A0005FFF0040FF0000806D0FEB007FFFC2F568F7B3F1670F5B0F610F800F1F
:20DCFC0058F75BF7830F8600720F850FC6F17F0F6CF700E000FFD1F5870F8A0FFF03F03F8D
:20DD1C008B008E009000B9002DF5CAF5CB0120F200000000000000000000000000000000C6
:20DD3C000000000000000000000000000000000000000000000000000000000000000000C7
:20DD5C000000000000000000000000000000000000000000000000000000000000000000A7
:20DD7C00000000000000000000000000000000000000000000000000000000000000000087
:20DD9C00000000000000000000000000000000000000000000000000000000000000000067
:20DDBC00000000000000000000000000000000000000000000000000000000000000000047
:20DDDC00000000000000000000000000000000000000000000000000000000000000000027
:20DDFC000000000000000000000000003050982ED70E5032982EFA030030F07F002E002E9C
:20DE1C00D02E002E018008A2FB2F982EBA03212E1900012EEE0000B2072F012E190000B27B
:20DE3C00032F01500352982E07CC012EDD0000B2272F052E8A000552982EC7C1032EE900C5
:20DE5C0040B2F07F082F012E190000B2042F0030212EE900982EB4B1012E180000B2102F16
:20DE7C000550982E4DC30550982E5AC7982EF9B4982E54B2982E67B6982E17B21030212EDF
:20DE9C007700012EEF0000B2042F982E7AB70030212EEF00012ED40004AE0B2F012EDD008C
:20DEBC0000B2072F0552982E8E0E00B2022F1030212E7D00012E7D000090902EF102012E9A
:20DEDC00D70000B2042F982E2F0E0030212E7B00012E7B0000B2122F012ED4000090022F0C
:20DEFC00982E1F0E092D982E810D012ED4000490022F5032982EFA030030212E7B00012E53
:20DF1C007C0000B2902E0903012E7C000131010800B2042F982E47CB1030212E7700813093
:20DF3C00012E7C00010800B2612F032E8900012ED40098BC98B805B20F58232F079009540A
:20DF5C000030372F15410441DCBE44BEDCBA2C0161000F564A0F0C2FD14294B8C142113018
:20DF7C00052E6AF72CBD2FB980B20822982EC3B7212D6130232ED400982EC3B70030212EC1
:20DF9C005AF5182DE17F5030982EFA030F520750504270300D5442427E82E26F80B2424258
:20DFBC00052F212ED4001030982EC3B7032D6030212ED400012ED4000690182F012E760006
:20DFDC000B540752E07F982E7AC1E16F081A4030082F212ED4002030982EAFB75032982E0D
:20DFFC00FA03052D982E380E0030212ED4000030212E7C00182D012ED40003AA012F982E91
:20E01C00450E012ED4003F8003A2012F002E022D982E5B0E3030982ECEB70030212E7D00C7
:20E03C005032982EFA03012E770000B2242F982EF5CB032ED5001154010ABC848386212E40
:20E05C00C901E0401352C4408240A8B9524243BE5342040A5042E17FF0314140F26F25BD1F
:20E07C000808020AD07F982EA8CF06BCD16FE26F080A8042982E58B70030212EEE00212E24
:20E09C007700212EDD00802EF4011A242200802EEC011050FB7F982EF3035750FB6F01304B
:20E0BC0071541142420EFC2FC02E0142F05F802E00C1FD2D01000000000000000000000097
:20E0DC009A0134030000000000000000000000000000000000000000000000000000000052
:20E0FC00000000000000000000000000000000000000000000000000000000000000000004
:20E11C000000000000000000000000000000000000000000000000000000000000000000E3
:20E13C00000000000000000000000000000000000000000000002050E77FF67F06320F2E03
:20E15C0061F5FE09C0B3042F17302F2EEF002D2E61F5F66FE76FE05FC82E2050E77FF67F21
:20E17C0046300F2EA4F1BE0980B3062F0D2ED40084AF022F16302D2E7B0086302D2E60F517
:20E19C00F66FE76FE05FC82E012E77F709BC0FB800B21050FB7F10300B2F032E8A0096BC37
:20E1BC009FB840B2052F032E68F79EBC9FB840B2072F032E7E004190012F982EDC03032CD9
:20E1DC000030212E7E00FB6FF05FB82E2050E07FFB7F002E2750982E3BC82950982EA7C822
:20E1FC000150982E55CCE16F2B50982EE0C9FB6F0030E05F212E7E00B82E73500130575466
:20E21C001142420EFC2FB82E212E59F51030C02E212E4AF19050F77FE67FD57FC47FB37F55
:20E23C00A17F907F827F7B7F982E35B700B2902E97B0032E8F00072E9100052EB1003FBACC
:20E25C009FB8012EB100A3BD4C0A052EB10004BEBFB9CB0A4FBA22BD012EB300DC0A2FB92A
:20E27C00032EB8000ABE9A0ACFB99BBC012E97009FB8930A0FBC910A0FB8900A252E180062
:20E29C00052EC1F52EBD2EB9012E190031308A040090072F012ED40004A2032F012E180088
:20E2BC0000B20C2F19500552982E4DB7052E780080901030012F212E7800252EDD00982EE3
:20E2DC003EB700B202300130042F012E190000B2002F2130012EEA00081A0E2F232EEA00B8
:20E2FC0033301B500B090140175646BE4B084C0A01420A8015520142002E012E180000B227
:20E31C001F2F032EC0F5F030480847AA7430072E7A0061224B1A052F072E66F5BFBDBFB959
:20E33C00C0900B2F1D562B30D242DB420104C24204BDFE808184232E7A0002420232252E55
:20E35C0062F5052ED6008184252ED6000231252E60F5052E8A000B50900880B20B2F052EE9
:20E37C00CAF5F03E9008252ECAF5052E59F5E03F9008252E59F5906FA16FB36FC46FD56F69
:20E39C00E66FF76F7B6F826F705FC82EC050907FE57FD47FC37FB17FA27F877FF67F7B7F28
:20E3BC00002E012E60F5607F982E35B70230636F1552507F627F5A2C02321A0900B3142F10
:20E3DC0000B2032F092E180000910C2F437F982E97B71F50028A02320430252E64F51552D6
:20E3FC00506F436F4443252E60F5D908C0B2362F982E3EB700B2062F012E190000B2022FDC
:20E41C00506F00900A2F012E79000090192F1030212E79000030982EDC03132D012EC3F5D4
:20E43C000CBC0FB81230100403B0262521500352982E4DB71030212EEE000230607F252E6C
:20E45C007900606F0090052F0030212EEA001550212E64F51552232E60F50232506F00908E
:20E47C00022F0330272E7800072E60F51A090091A32F19090091A02F906FA26FB16FC36F5B
:20E49C00D46FE56F7B6FF66F876F405FC82EC050E77FF67F26300F2E61F52F2E7C000F2E05
:20E4BC007C00BE09A27F807F80B3D57FC47FB37F917F7B7F0B2F23501A251240427F7482E2
:20E4DC001240527F002E0040607F982E6AD68130012E7C00010800B2422F032E8900012E39
:20E4FC00890097BC06BC9FB80FB80090232ED800103001302A2F032ED40044B2052F47B299
:20E51C0000302D2F212E7C002B2D032EFDF59EBC9FB84090142F032EFCF599BC9FB84090AB
:20E53C000E2F032E49F125544A084090082F982E35B700B21030032F5030212ED400102D8F
:20E55C00982EAFB70030212E7C000A2D052E69F72DBD2FB980B2012F212E7D00232E7C00E1
:20E57C00E031212E61F5F66FE76F806FA26FB36FC46FD56F7B6F916F405FC82E60510A2516
:20E59C003688F47FEB7F0032315232301330982E15CB0A253384D27F433005502D52982E80
:20E5BC0095C1D26F2752982ED7C72A25B086C07FD37FAF842950F16F982E4DC82A25AE8A47
:20E5DC00AA88F26E2B50C16FD36FF47F982EB6C8E06E00B2322F33548386F16FC37F043022
:20E5FC003030F47FD07FB27FE330C56F56404541280803140EB408BC8240100A2F542605F2
:20E61C00917F4428A37F982ED9C008B933305309C16FD36FF46F831747406C15B26FBE0902
:20E63C00750B90424542510E32BC0289A16F7E86F47FD07FB27F0430916FD62FEB6FA05E75
:20E65C00B82E032E97001BBC60509FBC0CB8F07F40B2EB7F2B2F032E7F004140012EC800FD
:20E67C00011A112F3758232EC8001041A07F38810141D07FB17F982E64CFD06F0780A16FC2
:20E69C001142002EB16F01421130012EFC0000A80330CB224A25012E7F003C893552055484
:20E6BC00982EC4CEC16FF06F982E95CF042D0130F06F982E95CFEB6FA05FB82E032EB3001F
:20E6DC000232F030033130508A080808CB08E07F80B2F37FDB7F252F032ECA004190042FF1
:20E6FC000130232ECA00982E3F03C0B2052F032EDA0000304104232EDA00982E92B210251A
:20E71C00F06F00B2052F012EDA0002301004212EDA0040B2012F232EC801DB6FE06FD05F1C
:20E73C00802E95CF0130E06F982E95CF1130232ECA00DB6FD05FB82ED0500A25338455509B
:20E75C00D27FE27F038CC07FBB7F0030055A39545141A57F967F807F982ED9C00530F57FF5
:20E77C002025916F3B583D5C3B56982E67CCC16FD56F52405043C17FD57F1025982EFEC993
:20E79C001025982E74C0866F3028926F828CA56F6F52690E3954DB2F19A01530032F00308F
:20E7BC00212E81010A2D012E810105284236212E8101020E012F982EF303575012300140E8
:20E7DC00982EFEC9516F0B5C8E0E3B6F57580230212E9501456F2A8DD27FCB7F132F0230E3
:20E7FC003F50D27FA80E0E2FC06F535402005154420E103059520230012F002E032D504220
:20E81C0042421230D27F80B2032F0030212E8001122D012EC9000280052E800111309128FA
:20E83C000040252E8001100E052F012E7F010190012F982EF303002EA0410190A67F902EA7
:20E85C00E3B4012E950100A8902EE3B45B549580824080B202402D8C3F52967F902EC2B3B7
:20E87C00290E762F012EC900004081284552B330982E0FCA5D54807F002EA140727F8280F4
:20E89C008240607F982EFEC91025982E74C0626F05308740C0910430052F052E830180B290
:20E8BC001430002F0430052EC900736F8140E2406904110FE1401630FE29CB40022F836F8B
:20E8DC00830F222F4756130F1230772F4954420E1230732F00910A2F012E8B0119A8023049
:20E8FC006C2F6350002E17420542682C12300B25080F5030022F212E8301032D4030212E50
:20E91C0083012B2E85015A2C123000912B25042F635002301742172C0242982EFEC9102515
:20E93C00982E74C0052EC90081845B308240372E8301020E072F5F52403062404140910E61
:20E95C00012F212E830105302B2E85011230362C16301525817F982EFEC91025982E74C0A4
:20E97C0019A21630152F052E9701806F820E052F012E86010628212E86010B2D032E87010D
:20E99C005F544E289142002E8240900E012F212E88010230132C0530C06F081CA80F1630D3
:20E9BC0005305B50092F02802D2E820105420580002E02423E80002E06420230906F3E885A
:20E9DC00014004414C280142078010252440004000A8F522232944427A827E884340044123
:20E9FC0000ABF523DF284342D9A0142F0090022FD26F81B2052F6354062890428542092CD4
:20EA1C0002305B500380292E7E012B2E8201054212302B2E83014582002E40407A8202A04F
:20EA3C00082F63503B30154205423780372E7E0105421230012EC900028C404084417A8CD2
:20EA5C00040F032F012E8B0119A4042F2B2E8201982EF303123081906152082F6542654287
:20EA7C004380398482880542454285420543002E80410090902EE1B46554C16F804000B2E6
:20EA9C0043586950442F555CB7878C0F0D2E9601C440362F41568B0E2A2F0B52A10E0A2F00
:20EABC00052E8F011425982EFEC94B54020F695005306554152F032E8E014D5C8E0F3A2FA7
:20EADC00052E8F01982EFEC94F54820F053069506554302F6D521530428C454204302B2CAC
:20EAFC0084436B52428C002E85431530242C45428E0F202F0D2E8E01B10E1C2F232E8E01F6
:20EB1C001A2D0E0E172FA10F152F232E8D01132D982E74C04354C20E0A2F655004800B300F
:20EB3C0006820B42798041401230252E8C01014205306950655484824384BE8C84408641BC
:20EB5C0026299442BE8ED57F19A143400B2E8C018440C7415D29272945428442C27F012F71
:20EB7C00C0B31D2F052E940199A0012F80B3132F80B3182FC0B3162F12400140927F982E78
:20EB9C0074C0926F100F2030032F1030212E7E010A2D212E7E01072D2030212E7E01032DEE
:20EBBC001030212E7E01C26F012EC900BC84028082400040900ED56F022F1530982EF3032A
:20EBDC0041910530072F67503D802B2E8F0105420480002E0542022C00300030A26F988A7E
:20EBFC00864080A7052F982EF303C030212E950106251A25E26F768296405643510EFB2F9C
:20EC1C00BB6F305FB82E012EB8000131410840B22050F2300208FB7F0130102F052ECC0060
:20EC3C008190E07F032F232ECC00982E55B6982E1DB51025FB6FE06FE05F802E95CF982E8B
:20EC5C0095CF1030212ECC00FB6FE05FB82E00510558EB7F2A2589526F5A895013410640CC
:20EC7C00B3011642CB160640F3021342650EF52F054014302C29044208A10030902E52B6A1
:20EC9C00B388B08AB684A47FC47FB57FD57F927F73300430554042408A17F3086B01900222
:20ECBC0053B84B82ADBE717F450A0954847F982ED9C0A36F7B54D042A37FF27F607F20254D
:20ECDC00716F755A7758795C7556982E67CCB16F626F5042B17FB3301025982E0FCA846FA4
:20ECFC002029716F926FA56F76826A0E73300030D02FD26FD17FB47F982E2BB715BD0BB877
:20ED1C00020AC26FC07F982E2BB715BD0BB8420AC06F081741188916E118D018A17F27253F
:20ED3C001625982E79C08B54907FB330824080900D2F7D52926F982E0FCAB26F900E062F3B
:20ED5C008B501430426F516F144212420142002E316F982E74C0416F807F982E74C0826FB8
:20ED7C0010044352010F052ECB0000300430212F516F43588C0E04301C2F8588416F044196
:20ED9C008C0F0430162F8488002E044104058C0E04300F2F8288316F044104058C0E0430E9
:20EDBC00082F8388002E04418C0F0430022F212EAD0114300091142F032EA10141900E2F8C
:20EDDC00032EAD0114304C28232EAD0146A0062F81848D5248828240212EA10142425C2CF9
:20EDFC000230052EAA0180B20230552F032EA901926FB330982E0FCAB26F900F003002307F
:20EE1C004A2FA26F875291008552510E022F002E432C0230C26F7F52910E02303C2F516FAE
:20EE3C008154982EFEC91025B3302125982E0FCA326FC07FB3301225982E0FCA426FB07FDE
:20EE5C00B3301225982E0FCAB26F90288352982EFEC9C26F900F003002301D2F052EA1014F
:20EE7C0080B212300F2F426F032EAB01910E0230122F526F032EAC01910F02300C2F212E29
:20EE9C00AA010A2C1230032ECB008D580889414011430043252EA101D46F8F5200433A898A
:20EEBC00002E10431043610EFB2F032EA001111A022F0225212EA001EB6F005FB82E915202
:20EEDC0010300230955652424B0EFC2F8D548882935680425342404242868354C02EC24263
:20EEFC00002EA3520051524047401A25012E97008FBE7286FB7F0B307CBFA5501008DFBA89
:20EF1C007088F8BFCB42D37F6CBBFCBBC50A907F1B7F0B43C0B2E57FB77FA67FC47F902EF1
:20EF3C001CB7072ED200C0B20B2F9752012ECD00827F982EBBCC0B30372ED200826F906F9A
:20EF5C001A2500B28B7F142FA6BD25BDB6B92FB980B2D4B00C2F99549B560B300B2EB100C7
:20EF7C00A1589B42DB426C092B2EB1008B42CB42867F7384A756C30839520550727F637FB2
:20EF9C00982EC2C0E16F626FD10A012ECD00D56FC46F726F97529D5C982E06CD236F906FB1
:20EFBC009952C0B204BD5440AFB94540E17F0230062FC0B20230032F9B5C12309443854321
:20EFDC0003BF6FBB80B3202F066F2601166F6E034542C090292ECE009B52142F9B5C002EC4
:20EFFC0093418641E304AE0780AB042F80910A2F866F730F072F836FC0B2042F54424542B5
:20F01C001230042C1130022C1130113002BC0FB8D27F00B20A2F012EFC00052EC701101A60
:20F03C00022F212EC701032D022C01300130B06F982E95CFD16FA06F982E95CFE26F9F52A8
:20F05C00012ECE00824050420C2C42421130232ED2000130B06F982E95CFA06F0130982EA3
:20F07C0095CF002EFB6F005FB82E838601300030944024180600530E4F02F92FB82EA952F8
:20F09C00002E604041400DBC98BCC02E010A0FB8AB52533C524040404B00821626B901B80F
:20F0BC004140100897B80108C02E11300108438625400440D8BE2C0B2211544203804B0E27
:20F0DC00F62FB82E9F501050AD52052ED300FB7F002E13409342410EFB2F982EA5B7982E84
:20F0FC0087CF012ED90000B2FB6F0B2F012E69F7B13F01080130F05F232ED900212E69F75F
:20F11C00802E7AB7F05FB82E012EC0F8032EFCF51554AF5682080B2E69F7CB0AB158809037
:20F13C00DDBE4C085FB959228090072F0334C308F23A0A080235C0904A0A4822C02E232E27
:20F15C00FCF51050FB7F982E56C7982E49C31030FB6FF05F212ECC00212ECA00B82E032ECF
:20F17C00D30016B802344A0C212E2DF5C02E232ED30003BC212ED500032ED50040B21030A8
:20F19C00212E77000130052F052ED8008090012F232E6FF5C02E212ED90011308108012E19
:20F1BC006AF7713F23BD0108020AC02E212E6AF730250030212E5AF51050212E7B00212EF3
:20F1DC007C00FB7F982EC3B74030212ED400FB6FF05F0325802EAFB7802E00C1802E00C177
:20F1FC00802E00C1802E00C1802E00C1802E00C1802E00C1802E00C1802E00C1802E00C17B
:20F21C00802E00C1802E00C1802E00C1802E00C1802E00C1012E5DF708BC80AC0EBB022F3A
:20F23C00003041048206C0A40030112F40A9032F40910D2F00A70B2F80B3B358022F90A138
:20F25C002613202380901030012FCC0E002F0030B82EB550180808BC88B60D17C6BD56BC97
:20F27C00B758DABA04011D0A1050053032254503FB7FF6302125982E37CA16B59ABC06B8E3
:20F29C0080A8410A0E2F8090022F2D50480F092FBFA0042FBF90062FB754CA0F032F002EFB
:20F2BC00022CB7522D52F233982ED9C0FB6FF137C02E0108F05FBF56B954D040C4400B2EB1
:20F2DC00FDF3BF529042944295420530C1500F88064004419642C54248BE73300D2ED8008F
:20F2FC004FBA8442034281B3022F2B2E6FF5062D052E77F7BD569308252E77F7BB54252E17
:20F31C00C2F5072EFDF34230B433DA0A4C00272EFDF34340D43FDC084342002E002E434049
:20F33C002430DC0A43420480032EFDF34A0A232EFDF36134C02E0142002E60501A257A86D5
:20F35C00E07FF37F0325C3524184DB7F3330982E16C21A257D82F06FE26F322516409440F4
:20F37C00260185408E17C4426E039542410EF42FDB6FA05FB82EB051FB7F982EE80D5A253C
:20F39C00982E0F0ECB583287C47F65896B8DC55A657FE17F837FA67F747FD07FB67F947F55
:20F3BC001730C752C954517F002E856F427F002E51414581424113403B8A00404B04D0067B
:20F3DC00C0AC857F022F02305104D306418405305D02C916DF08D3008D02AFBCB1B9590A57
:20F3FC00656F1143A1B4524153410143347F657F2631E56FD46F982E37CA326F756F834075
:20F41C004241237F127FF63040255125982E37CA146F2005706F256F6907A26F316F0B30DB
:20F43C0004429B428B425542327F40A9C36F717F0230D040C37F032F4091152F00A7132FB9
:20F45C0000A4112F84BD982E79CA556FB75454418200F33F4541CB02F630982E37CA356F66
:20F47C00A46F4143032C0043A46F356F1730426F516F934042820041C3000343517F002E19
:20F49C00944041414C02C46FD156630E746F5143A57F8A2F092ED80001B3212FCB58906F58
:20F4BC001341B66FE47F002E9141144092411540172E6FF5B67FD07FCB7F982E000C071573
:20F4DC00C26F140B292E6FF5C3A3C18FE46FD06FE62F1430052E6FF5140B292E6FF5182DAE
:20F4FC00CD560432B56F1C0151415241C340B57FE47F982E1F0CE46F218700430432CF540F
:20F51C005A0EEF2F1554092E77F7220B292E77F7FB6F505EB82E1050012ED40000B2FB7FBC
:20F53C00512F01B2482F02B2422F0390562FD75279804240818400404242982E930CD954C9
:20F55C00D750A14098BD82403E82DA0A44408B16E3005342002E43409A025242002E41409F
:20F57C0015544A0E3A2F3A8200304140212E850F40B20A2F982EB10C982E450E982E5B0EFF
:20F59C00FB6FF05F0030802ECEB7DD52D35442424F847330DB5283421B306B422330272E51
:20F5BC00D700372ED400212ED6007A84172C42423030212ED400122D21300030232ED400CD
:20F5DC00212E7BF70B2D1730982E510CD5500C8272302F2ED400252E7BF74042002EFB6F47
:20F5FC00F05FB82E70500A253986FB7FE1326230982EC2C4B556A56FAB08916F4B08DF5647
:20F61C00C46F23094DBA93BC8C0BD16F0B09CB52E15E5642AF094DBA23BD940AE56F68BB86
:20F63C00EB08BDB963BEFB6F5242E30AC02E4342905FD150032E25F3134000409BBC9BB434
:20F65C0008BDB8B998BCDA0A08B68916C02E190062021050FB7F982E810D012ED4003130C6
:20F67C000804FB6F0130F05F232ED600212ED700B82E012ED700032ED600480E012F802E04
:20F69C001F0EB82EE350213401428230C132252E62F50100223001404A0A0142B82EE354D9
:20F6BC00F03B8340D808E5528342003083305042C432272E64F5940050424042D33F8440CD
:20F6DC007D82E30840428342B82EDD52003040427C86B952092E700FBF54C442D38654404D
:20F6FC00554094428542212ED7004240252EFDF3C0427E82052E7D0080B2142F052E8900EE
:20F71C0027BD2FB98090022F212E6FF50C2D072E710F14301C09052E77F7BD5647BE930862
:20F73C00940A252E77F7E75450424A0EFC2FB82E505002304386E550FB7FE37FD27FC07FDC
:20F75C00B17F002E414000404804982E74C01EAAD36F1430B16FE322C06F5240E46F4C0E47
:20F77C001242D37FEB2F032E860F40901130032F232E860F022C0030D06FFB6FB05FB82EC2
:20F79C004050F17F0A253C86EB7F41332230982EC2C4D36FF430DC094758C26F9409EB58E5
:20F7BC006ABBDC08B4B9B1BDE95A950821BDF6BF770B51BEF16FEB6F52425442C02E4342EE
:20F7DC00C05F5050F55031301142FB7F7B300B4211300280233301420300072E8003052E99
:20F7FC00D3002352E27FD37FC07F982EB60ED16F080A1A257B86D07F01331230982EC2C486
:20F81C00D16F080A00B20D2FE36F012E80035130C786232E21F208BCC042982EA5B7002E40
:20F83C00002ED02EB06F0BB8032E1B00081AB07F7030042F212E21F2002E002ED02E982EAC
:20F85C006DC0982E5DC0ED50982E44CBEF50982E46C3F150982E53C73550982E64CF10307D
:20F87C00982EDC032026C06F02311242AB330B42378001300142F337F752FB504440A20A87
:20F89C0042428B31092E5EF7F954E30883421B4223334B00BC840B40333083420B42E07F26
:20F8BC00D17F982E58B7D16F803040420330E06FF3540430002E002E0189620EFA2F434294
:20F8DC001130FB6FC02E0142B05FC14A00006D570000778E0000E0FFFFFFD3FFFFFFE5FFBC
:20F8FC00FFFFEEE1FFFF7C13000046E6FFFF00000000000000000000000000000000000068
:20F91C000000000000000000000000000000000000000000000000000000000000000000CB
:20F93C000000000000000000802E00C1802E00C1802E00C1802E00C1802E00C1802E00C111
:20F95C00802E00C1802E00C1802E00C1802E00C1802E00C1802E00C1802E00C1802E00C113
:20F97C00802E00C1802E00C1802E00C1802E00C1802E00C1802E00C1802E00C1802E00C1F3
:20F99C00802E00C1802E00C1802E00C1802E00C1802E00C1802E00C1802E00C1802E00C1D3
:20F9BC00802E00C1802E00C1802E00C1802E00C1802E00C1802E00C1802E00C1802E00C1B3
:20F9DC00802E00C1802E00C1802E00C1802E00C1802E00C1802E00C1802E00C1802E00C193
:20F9FC00802E00C1802E00C1802E00C1802E00C1802E00C1802E00C1802E00C1802E00C173
:20FA1C00802E00C1802E00C1802E00C1802E00C1802E00C1524D43004747410054485300FF
:1BFA3C00696D7536363072612073656C6620636865636B206572726F722E0095
:20FA58002E2E2F6C69627261726965732F7A665F6465766963652F7A665F6465766963658A
:20FA78005F696D7536363072612E6300696D75363630726120696E6974206572726F722EBE
:01FA9800006D
:20FA9C00494D5536363052415F4143435F53414D504C455F44454641554C542073657420F9
:07FABC006572726F722E00EB
:20FAC400494D5536363052415F4759524F5F53414D504C455F44454641554C542073657477
:20FAE400206572726F722E002E2E2F6C69627261726965732F7A665F6472697665722F7A9F
:13FB0400665F6472697665725F656E636F6465722E6300CD
:20FB18002E2E2F6C69627261726965732F7A665F6472697665722F7A665F64726976657291
:07FB38005F7370692E63008A
:20FB40002E2E2F6C69627261726965732F7A665F6472697665722F7A665F64726976657269
:20FB60005F756172742E6300913000FFD9FF0C9654FF370F6EF18FFF83813C01913000FF18
:20FB8000D9FF28A654FF370F6EF18FFF83F13C019130004FD9440C9602846DFF33AB02F4F3
:20FBA0006DFF4BAB913000FFD9FF0C9654FF2E1B8F2800F0960154F0370070088F0001004C
:20FBC000A60F74FF8F2800F0960254F0370070088F000100A60F74FF54FFDA00B70F81F0AF
:20FBE000CDCF20090D00C0040D00C004DA00B70F81F0CD0F04090D00C0040D00C004910071
:20FC00000000D900000091000080D988000091000090D9990000910000F8D9FF004080FFE6
:20FC2000CD4FE20F0D00C004910003F8D9FF000E80FFCD0FE20F0D00C004914000F7D9FFB7
:20FC400080C980FFCD8FE20F0D00C004913000FFD9FF0C9654FF2E1B8F2800F0960154F066
:20FC6000370070088F000100A60F74FF06288F3840F154F0370070088F000100A60F74FF4C
:20FC800054FF6DFF79AA6DFF59A8913000FF19FF28A66F1F12008F2220F09601913000FFB7
:20FCA00019F028A6370070088F002100A60F913000FF59FF28A686228F2240F1913000FF29
:20FCC00019F028A6370070088F002100A60F913000FF59FF28A63C01913000FF19FF28A670
:20FCE0001601DF1FFB7FDA00913000FF59FF18169120884F910003FAD9FF004080F46DFF47
:0EFD000038AB910000F8D9FF5457DC0F00908B
:20FD100091000010D91100003B0098F0CD4FE00F0D00C004913000FF19F010167BD038F146
:20FD3000260F6E03DA003C248FB01FF16E138FB01FF1913000FF19F018160F0FB0F18BFF74
:20FD500001F1061F570062FF5E23DA013C02DA003C0FEF400400DA013C0B911088FF19FF70
:20FD7000000D370FE2F06E03DA013C02DA003C011E17911000F8D9FFDC6FDC0F3C069110EE
:0AFD900000F8D9FFC07FDC0F0090DF
:20FD9C00910000F8D9FFDAE42D0F2000910000F8D9FF2C252D0F2000911000F8D9FFC49FEA
:20FDBC00DC0F0090914000A7D9AA40890D008004914000F7D9FFC00991400027D922C00B30
:20FDDC00A004802080FFA2F0DA404BF0114282003C1E80FFB70F1CF08F4F1F1080FFBBF0A6
:20FDFC00FF2F0662262F06AFA6F1F606CD81E30F0D00C0043C0274419AD47E05CDC1E30F3F
:20FE1C000D00C00440F449FF001AC2103F40E3FFDA00744F0D0080040D00C004911000F894
:20FE3C00D9FFE0CFDC0F0090914000A7D9AA40890D008004914000F7D9FFC00991400027EE
:20FE5C00D922C00BA004802080FFA2F0DA404BF0114282003C1E80FFB70F1CF08F4F1F1089
:20FE7C0080FFBBF0FF2F0662262F06AFA6F1F606CD81E30F0D00C0043C0274419AD47E0514
:20FE9C00CDC1E30F0D00C00440F449FF001AC2103F40E3FFDA00744F0D0080040D00C0042D
:20FEBC00911000F8D9FFC8BFDC0F0090913000FFD9FF0C9654FF370F6EF18FFF83413C01F2
:20FEDC00913000FFD9FF28A654FF370F6EF18FFF83F13C019130004FD9440C966DFFF8A98D
:20FEFC0002F46DFF0DAA91100048D9445C5D6DFF10A1DF12038000A0911000F8D9FFE0CFBD
:20FF1C00DC0F0090911000F8D9FFECCFDC0F0090911000F8D9FFA8DFDC0F00906DFFCAAB4F
:02FF3C00009033
:20FF4000007E0370CC020070CC0200700000000050000000090000001C0300701C030070BD
:20FF600000000000500000000A000100000000000000000000000000FFFFFFFF0600020022
:20FF8000000000000000000000000000000000000000000000000000000000000000000061
:20FFA000000000000000000000000000000000000000000000000000000000000000000041
:20FFC000000000000000000000000000000000000000000000000000000000000000000021
:20FFE000000000000000000000000000000000000000000000000000000000000000000001
:02000004800179
:20000000000000000000000000000000B09C0080B09C0080B09C0080B09C0080B09C0080E4
:200020000000000000000000000000000000000000008045333383410000010000000000D0
:0A00400000010101010000000000B2
:20004C00010000000000007040FF0080CC00000001000000CC0000703800018001000000A1
:20006C0001000000D0000070200001800400000001000000D400007039000180010000008E
:20008C0001000000D80000703A0001800100000001000000DC0000703B0001800100000045
:2000AC0001000000E00000703C0001800100000001000000E40000703D0001800100000011
:2000CC0001000000E80000703E0001800100000001000000EC0000703F00018001000000DD
:2000EC0001000000F0000070400001800100000001000000F40000702400018002000000C5
:20010C0001000000F8000070260001800200000001000000FC0000702800018002000000A9
:20012C0001000000000100702A0001800200000001000000040100702C000180020000006F
:20014C0001000000080100702E00018002000000010000000C010070300001800800000031
:20016C0001000000140100700C0001801400000001000000280100704100018001000000EF
:20018C00010000002C0100704200018001000000010000003001007043000180010000008A
:2001AC00010000003401007044000180010000000100000038010070450001800500000052
:2001CC000200000040010070000000009502000002000000D803007000000000C6010000B5
:2001EC0002000000A0050070000000004100000002000000E405007000000000250000001B
:20020C00020000000C06007000000000410000000200000050060070000000002500000020
:20022C000200000078060070000000004100000002000000BC060070000000002500000028
:20024C0002000000E40600700000000041000000020000002807007000000000250000002F
:20026C00020000005007007000000000410000000200000094070070000000002500000036
:20028C0002000000BC0700700000000041000000020000000008007000000000250000003D
:2002AC0002000000280800700000000041000000020000006C080070000000002500000044
:2002CC000200000094080070000000004100000002000000D808007000000000250000004C
:2002EC00020000000009007000000000410000000200000044090070000000002500000052
:20030C00020000006C090070000000004100000002000000B0090070000000002500000059
:20032C0002000000D80900700000000041000000020000001C0A0070000000002500000060
:20034C0002000000440A0070000000004000000001000000840A0070C4000080040000004A
:10036C000000000000000000000000000000000081
:02000004802F4B
:14E00000910000E8D9EEDEB7DC0E910000E8D9EEFCB7DC0E70
:0AE0C000910000E8D9EEC0E7DC0E85
:0AE0E000910000E8D9EED4D7DC0E61
:0AE14000911000E8D9EE0208DC0E91
:0AE16000911000E8D9EE1608DC0E5D
:0AE18000910000E8D9EEE6F7DC0E8E
:0AE1A000911000E8D9EE1608DC0E1D
:0AE1C000911000E8D9EE1608DC0EFD
:0AE1E000911000E8D9EE1E18DC0EC5
:0AE20000911000E8D9EE1608DC0EBC
:0AE22000911000E8D9EE1628DC0E7C
:0AE24000911000E8D9EE3A18DC0E48
:0AE26000911000E8D9EE1608DC0E5C
:0AE28000911000E8D9EE1038DC0E12
:0AE2A000911000E8D9EE3428DC0EDE
:0AE2C000911000E8D9EE1608DC0EFC
:0AE2E000911000E8D9EE1608DC0EDC
:0AE30000911000E8D9EE2838DC0E79
:0AE32000911000E8D9EE1608DC0E9B
:0AE34000911000E8D9EE1608DC0E7B
:0AE36000911000E8D9EE0448DC0E2D
:0AE38000911000E8D9EE1608DC0E3B
:0AE3A000911000E8D9EE1608DC0E1B
:14E3C000910000E8D9EED297DC0E911000E8D9EE2048DC0E14
:14E3E000910000E8D9EEF897DC0E911000E8D9EE1608DC0E18
:14E40000910000E8D9EEDAA7DC0E911000E8D9EE1608DC0E05
:14E42000910000E8D9EEFCA7DC0E911000E8D9EE3C48DC0E5D
:0AE44000911000E8D9EE1608DC0E7A
:0AE46000911000E8D9EE1608DC0E5A
:0AE48000911000E8D9EE1858DC0EE8
:0AE4A000911000E8D9EE1608DC0E1A
:0AE4C000911000E8D9EE1608DC0EFA
:0AE4E000911000E8D9EE2608DC0ECA
:0AE50000911000E8D9EE1608DC0EB9
:0AE52000911000E8D9EE1608DC0E99
:0AE54000911000E8D9EE0218DC0E7D
:0AFB8000911000E8D9EEF229DC0E26
:0AFFC000910000E8D9EEECE7DC0E3A
:0AFFE000910000E8D9EEDAC7DC0E4C
:0200000480304A
:200000000000000000000000000000000000000000000000000000000000000000000000E0
:200020000000000000000000000000000000000000000000000000000000000000000000C0
:200040000000000000000000000000000000000000000000000000000000000000000000A0
:20006000000000000000000000000000000000000000000000000000000000000000000080
:20008000000000000000000000000000000000000000000000000000000000000000000060
:2000A000000000000000000000000000000000000000000000000000000000000000000040
:2000C000000000000000000000000000000000000000000000000000000000000000000020
:2000E000000000000000000000000000000000000000000000000000000000000000000000
:20010C0085F81001913000FFD9FF189654FF370F6EF18FFF83113C01914000A6D9AA4089E5
:20012C000D0080043B0098F0CD4FE00F0D00C004913000FFD9FF189654FF2E1B8F2100F001
:20014C00960154F0370070088F000100A60F74FF8F2100F0960254F0370070088F00010096
:20016C00A60F74FF54FFDA00B70F81F0CDCF20090D00C0040D00C004DA00B70F81F0CD0F93
:20018C0004090D00C0040D00C004910003F8D9FF000080FFCD4FE20F0D00C004910006F854
:2001AC00D9FF000E80FFCD0FE20F0D00C004914000F6D9FF80C980FFCD8FE20F0D00C004AB
:2001CC00913000FFD9FF189654FF2E1B8F2100F0960154F0370070088F000100A60F74FF4F
:2001EC0006218F3140F154F0370070088F000100A60F74FF54FF91000000D90000009100E2
:20020C000010D911000091000080D988000091000090D9990000914000F6D9FFC00991409A
:20022C000026D922C00BA004802080FFA2F0DA404BF0114282003C1E80FFB70F1CF08F4FBE
:20024C001F1080FFBBF0FF2F0662262F06AFA6F1F606CD81E30F0D00C0043C0274419AD494
:20026C007E05CDC1E30F0D00C00440F449FF001AC2103F40E3FFDA00744F0D0080040D009A
:20028C00C0046DE8E527BB7071FB9B1F8DF34BF241F04B0F71013C0185FF1001A28F3F0FD1
:2002AC00FDFF9140884F910006FAD9FF004080F46DE85928910000F8D9FF4A87DC0F0090EE
:02000004805F1B
:0AFBA000911000E8D9EED839DC0E10
:0200000480601A
:200000000000000000000000000000000000000000000000000000000000000000000000E0
:200020000000000000000000000000000000000000000000000000000000000000000000C0
:200040000000000000000000000000000000000000000000000000000000000000000000A0
:20006000000000000000000000000000000000000000000000000000000000000000000080
:20008000000000000000000000000000000000000000000000000000000000000000000060
:2000A000000000000000000000000000000000000000000000000000000000000000000040
:2000C000000000000000000000000000000000000000000000000000000000000000000020
:2000E000000000000000000000000000000000000000000000000000000000000000000000
:20010C0085F81001913000FFD9FF249654FF370F6EF18FFF83113C01911000A5D9AA40850E
:20012C000D0080043B0098F0CD4FE00F0D00C004913000FFD9FF249654FF2E1B8F2100F0F5
:20014C00960154F0370070088F000100A60F74FF8F2100F0960254F0370070088F00010096
:20016C00A60F74FF54FFDA00B70F81F0CDCF20090D00C0040D00C004DA00B70F81F0CD0F93
:20018C0004090D00C0040D00C004910006F8D9FF000080FFCD4FE20F0D00C004910009F84E
:2001AC00D9FF000E80FFCD0FE20F0D00C004911000F5D9FF80C580FFCD8FE20F0D00C004E0
:2001CC00913000FFD9FF249654FF2E1B8F2100F0960154F0370070088F000100A60F74FF43
:2001EC0006218F3140F154F0370070088F000100A60F74FF54FF91000000D90000009100E2
:20020C000010D911000091000080D988000091000090D9990000911000F5D9FFC0059110FF
:20022C000025D922C007A004802080FFA2F0DA404BF0114282003C1E80FFB70F1CF08F4FC3
:20024C001F1080FFBBF0FF2F0662262F06AFA6F1F606CD81E30F0D00C0043C0274419AD494
:20026C007E05CDC1E30F0D00C00440F449FF001AC2103F40E3FFDA00744F0D0080040D009A
:20028C00C0046DD0E527BB7071FB9B1F8DF34BF241F04B0F71013C0185FF1001A28F3F0FE9
:2002AC00FDFF9160884F910009FAD9FF004080F46DD05928910000F8D9FF4A87DC0F0090E3
:02000004808FEB
:0AFBC000911000E8D9EEFE39DC0ECA
:020000048090EA
:200000000000000000000000000000000000000000000000000000000000000000000000E0
:200020000000000000000000000000000000000000000000000000000000000000000000C0
:200040000000000000000000000000000000000000000000000000000000000000000000A0
:20006000000000000000000000000000000000000000000000000000000000000000000080
:20008000000000000000000000000000000000000000000000000000000000000000000060
:2000A000000000000000000000000000000000000000000000000000000000000000000040
:2000C000000000000000000000000000000000000000000000000000000000000000000020
:2000E000000000000000000000000000000000000000000000000000000000000000000000
:20010C0085F81001913000FFD9FF309654FF370F6EF18FFF83113C01911000A4D9AA408503
:20012C000D0080043B0098F0CD4FE00F0D00C004913000FFD9FF309654FF2E1B8F2100F0E9
:20014C00960154F0370070088F000100A60F74FF8F2100F0960254F0370070088F00010096
:20016C00A60F74FF54FFDA00B70F81F0CDCF20090D00C0040D00C004DA00B70F81F0CD0F93
:20018C0004090D00C0040D00C004910009F8D9FF000080FFCD4FE20F0D00C00491000AF84A
:2001AC00D9FF000E80FFCD0FE20F0D00C004911000F4D9FF80C580FFCD8FE20F0D00C004E1
:2001CC00913000FFD9FF309654FF2E1B8F2100F0960154F0370070088F000100A60F74FF37
:2001EC0006218F3140F154F0370070088F000100A60F74FF54FF91000000D90000009100E2
:20020C000010D911000091000080D988000091000090D9990000911000F4D9FFC005911000
:20022C000024D922C007A004802080FFA2F0DA404BF0114282003C1E80FFB70F1CF08F4FC4
:20024C001F1080FFBBF0FF2F0662262F06AFA6F1F606CD81E30F0D00C0043C0274419AD494
:20026C007E05CDC1E30F0D00C00440F449FF001AC2103F40E3FFDA00744F0D0080040D009A
:20028C00C0046DB8E527BB7071FB9B1F8DF34BF241F04B0F71013C0185FF1001A28F3F0F01
:0E02AC00FDFF910000F8D9FF4A87DC0F00909B
:02000004809FDB
:0AFBE000911000E8D9EEE449DC0EB4
:02000004A0005A
:20000000911000F8D9FFD04FDC0F00900000000000000000000000000000000000000000D5
:02000004A0302A
:0C010000910003F8D9FF0C40DC0F0090C8
:02000004A060FA
:0C010000910006F8D9FF0C40DC0F0090C5
:02000004A090CA
:0C010000910009F8D9FF0C40DC0F0090C2
:02000004AF400B
:200000003E0059B3000000A0ABBD6CD85442932700000000000000000000000000000000FA
:200020000000000000000000000000000000000000000000000000000000000000000000C0
:200040000000000000000000000000000000000000000000000000000000000000000000A0
:20006000000000000000000000000000000000000000000000000000000000000000000080
:20008000000000000000000000000000000000000000000000000000000000000000000060
:2000A000000000000000000000000000000000000000000000000000000000000000000040
:2000C000000000000000000000000000000000000000000000000000000000000000000020
:2000E000000000000000000000000000000000000000000000000000000000000000000000
:200100000000000000000000000000000000000000000000000000000000000000000000DF
:200120000000000000000000000000000000000000000000000000000000000000000000BF
:2001400000000000000000000000000000000000000000000000000000000000000000009F
:2001600000000000000000000000000000000000000000000000000000000000000000007F
:2001800000000000000000000000000000000000000000000000000000000000000000005F
:2001A00000000000000000000000000000000000000000000000000000000000000000003F
:2001C00000000000000000000000000000000000000000000000000000000000000000001F
:1401E000000000000000000000000000000000003412214361
:200200003E0059B3000000A0ABBD6CD85442932700000000000000000000000000000000F8
:200220000000000000000000000000000000000000000000000000000000000000000000BE
:2002400000000000000000000000000000000000000000000000000000000000000000009E
:2002600000000000000000000000000000000000000000000000000000000000000000007E
:2002800000000000000000000000000000000000000000000000000000000000000000005E
:2002A00000000000000000000000000000000000000000000000000000000000000000003E
:2002C00000000000000000000000000000000000000000000000000000000000000000001E
:2002E0000000000000000000000000000000000000000000000000000000000000000000FE
:200300000000000000000000000000000000000000000000000000000000000000000000DD
:200320000000000000000000000000000000000000000000000000000000000000000000BD
:2003400000000000000000000000000000000000000000000000000000000000000000009D
:2003600000000000000000000000000000000000000000000000000000000000000000007D
:2003800000000000000000000000000000000000000000000000000000000000000000005D
:2003A00000000000000000000000000000000000000000000000000000000000000000003D
:2003C00000000000000000000000000000000000000000000000000000000000000000001D
:1403E00000000000000000000000000000000000341221435F
:200400003E0059B3000000A0ABBD6CD85442932700000000000000000000000000000000F6
:200420000000000000000000000000000000000000000000000000000000000000000000BC
:2004400000000000000000000000000000000000000000000000000000000000000000009C
:2004600000000000000000000000000000000000000000000000000000000000000000007C
:2004800000000000000000000000000000000000000000000000000000000000000000005C
:2004A00000000000000000000000000000000000000000000000000000000000000000003C
:2004C00000000000000000000000000000000000000000000000000000000000000000001C
:2004E0000000000000000000000000000000000000000000000000000000000000000000FC
:200500000000000000000000000000000000000000000000000000000000000000000000DB
:200520000000000000000000000000000000000000000000000000000000000000000000BB
:2005400000000000000000000000000000000000000000000000000000000000000000009B
:2005600000000000000000000000000000000000000000000000000000000000000000007B
:2005800000000000000000000000000000000000000000000000000000000000000000005B
:2005A00000000000000000000000000000000000000000000000000000000000000000003B
:2005C00000000000000000000000000000000000000000000000000000000000000000001B
:1405E00000000000000000000000000000000000341221435D
:200600003E0059B3000000A0ABBD6CD85442932700000000000000000000000000000000F4
:200620000000000000000000000000000000000000000000000000000000000000000000BA
:2006400000000000000000000000000000000000000000000000000000000000000000009A
:2006600000000000000000000000000000000000000000000000000000000000000000007A
:2006800000000000000000000000000000000000000000000000000000000000000000005A
:2006A00000000000000000000000000000000000000000000000000000000000000000003A
:2006C00000000000000000000000000000000000000000000000000000000000000000001A
:2006E0000000000000000000000000000000000000000000000000000000000000000000FA
:200700000000000000000000000000000000000000000000000000000000000000000000D9
:200720000000000000000000000000000000000000000000000000000000000000000000B9
:20074000000000000000000000000000000000000000000000000000000000000000000099
:20076000000000000000000000000000000000000000000000000000000000000000000079
:20078000000000000000000000000000000000000000000000000000000000000000000059
:2007A000000000000000000000000000000000000000000000000000000000000000000039
:2007C000000000000000000000000000000000000000000000000000000000000000000019
:1407E00000000000000000000000000000000000341221435B
:201000003E0059B3000000A0ABBD6CD85442932700000000000000000000000000000000EA
:201020000000000000000000000000000000000000000000000000000000000000000000B0
:20104000000000000000000000000000000000000000000000000000000000000000000090
:20106000000000000000000000000000000000000000000000000000000000000000000070
:20108000000000000000000000000000000000000000000000000000000000000000000050
:2010A000000000000000000000000000000000000000000000000000000000000000000030
:2010C000000000000000000000000000000000000000000000000000000000000000000010
:2010E0000000000000000000000000000000000000000000000000000000000000000000F0
:201100000000000000000000000000000000000000000000000000000000000000000000CF
:201120000000000000000000000000000000000000000000000000000000000000000000AF
:2011400000000000000000000000000000000000000000000000000000000000000000008F
:2011600000000000000000000000000000000000000000000000000000000000000000006F
:2011800000000000000000000000000000000000000000000000000000000000000000004F
:2011A00000000000000000000000000000000000000000000000000000000000000000002F
:2011C00000000000000000000000000000000000000000000000000000000000000000000F
:1411E000000000000000000000000000000000003412214351
:201200003E0059B3000000A0ABBD6CD85442932700000000000000000000000000000000E8
:201220000000000000000000000000000000000000000000000000000000000000000000AE
:2012400000000000000000000000000000000000000000000000000000000000000000008E
:2012600000000000000000000000000000000000000000000000000000000000000000006E
:2012800000000000000000000000000000000000000000000000000000000000000000004E
:2012A00000000000000000000000000000000000000000000000000000000000000000002E
:2012C00000000000000000000000000000000000000000000000000000000000000000000E
:2012E0000000000000000000000000000000000000000000000000000000000000000000EE
:201300000000000000000000000000000000000000000000000000000000000000000000CD
:201320000000000000000000000000000000000000000000000000000000000000000000AD
:2013400000000000000000000000000000000000000000000000000000000000000000008D
:2013600000000000000000000000000000000000000000000000000000000000000000006D
:2013800000000000000000000000000000000000000000000000000000000000000000004D
:2013A00000000000000000000000000000000000000000000000000000000000000000002D
:2013C00000000000000000000000000000000000000000000000000000000000000000000D
:1413E00000000000000000000000000000000000341221434F
:201400003E0059B3000000A0ABBD6CD85442932700000000000000000000000000000000E6
:201420000000000000000000000000000000000000000000000000000000000000000000AC
:2014400000000000000000000000000000000000000000000000000000000000000000008C
:2014600000000000000000000000000000000000000000000000000000000000000000006C
:2014800000000000000000000000000000000000000000000000000000000000000000004C
:2014A00000000000000000000000000000000000000000000000000000000000000000002C
:2014C00000000000000000000000000000000000000000000000000000000000000000000C
:2014E0000000000000000000000000000000000000000000000000000000000000000000EC
:201500000000000000000000000000000000000000000000000000000000000000000000CB
:201520000000000000000000000000000000000000000000000000000000000000000000AB
:2015400000000000000000000000000000000000000000000000000000000000000000008B
:2015600000000000000000000000000000000000000000000000000000000000000000006B
:2015800000000000000000000000000000000000000000000000000000000000000000004B
:2015A00000000000000000000000000000000000000000000000000000000000000000002B
:2015C00000000000000000000000000000000000000000000000000000000000000000000B
:1415E00000000000000000000000000000000000341221434D
:201600003E0059B3000000A0ABBD6CD85442932700000000000000000000000000000000E4
:201620000000000000000000000000000000000000000000000000000000000000000000AA
:2016400000000000000000000000000000000000000000000000000000000000000000008A
:2016600000000000000000000000000000000000000000000000000000000000000000006A
:2016800000000000000000000000000000000000000000000000000000000000000000004A
:2016A00000000000000000000000000000000000000000000000000000000000000000002A
:2016C00000000000000000000000000000000000000000000000000000000000000000000A
:2016E0000000000000000000000000000000000000000000000000000000000000000000EA
:201700000000000000000000000000000000000000000000000000000000000000000000C9
:201720000000000000000000000000000000000000000000000000000000000000000000A9
:20174000000000000000000000000000000000000000000000000000000000000000000089
:20176000000000000000000000000000000000000000000000000000000000000000000069
:20178000000000000000000000000000000000000000000000000000000000000000000049
:2017A000000000000000000000000000000000000000000000000000000000000000000029
:2017C000000000000000000000000000000000000000000000000000000000000000000009
:1417E00000000000000000000000000000000000341221434B
:04000005A000000057
:00000001FF
